leg,sym,pass,score,nbpR,segpos,rf,oneop,ops,win,sizing,smaP,slowP,mult,step,tpR,trailR,half,mgmtTF,stack,extop1R,nmonster,addtrig,lineplace,nback,buffer,segpos_ex3,h1R,h2R,w0,w1,w2,w3,w4,w5,w6,w7,w8,w9,w10,w11,w12,w13,w14,w15,w16,w17,w18,w19,w20,w21,w22,w23,w24,w25,w26,w27,w28,w29,w30,w31,w32,w33,w34,w35,w36,w37,w38,w39,w40,w41,w42,w43,w44,w45,w46,w47,w48,w49,w50,w51,w52,w53,w54,w55,w56,w57,w58,w59,w60,w61,w62,w63,w64,w65,w66,w67,w68,w69,w70,w71,w72,w73,w74,w75,w76,w77,w78,w79,w80,w81,w82,w83,w84,w85,w86,w87,w88,w89,w90,w91,w92,w93,w94,w95,w96,w97,w98,w99,w100,w101,w102,w103,w104,w105,w106,w107,w108,w109,w110,w111,w112,w113,w114,w115,w116,w117,w118,w119,w120,w121,w122,w123,w124,w125,w126,w127,w128,w129
BtcGF,BTCUSDc,19,9.8185,19.637,3,0.9079,70.04,401,37.1571,1,15,0,0.015,2.0,1.5,0.0,0.5,16385,1,5.883,6,0,1,15,0.3,2,4.525,15.112,4.472,2.97,-0.028,-1.0,-1.0,0.994,2.976,-3.0,1.496,0.961,-0.508,-2.505,-0.506,-3.0,-1.521,3.482,0.995,0.989,-1.009,-1.028,1.464,-1.501,2.682,-2.51,-1.501,-1.507,-0.5,-3.5,-0.345,-1.5,-0.505,2.76,0.196,-1.505,-4.0,14.74,-2.0,-1.024,-2.0,-3.0,3.34,-2.0,-1.0,-4.0,3.981,4.978,-1.501,2.0,-3.0,0.0,-1.0,0.0,3.081,2.978,-1.0,-1.0,0.0,-1.0,1.494,-1.0,0.0,0.0,0.0,0.0,0.0,-1.0,0.0,0.0,-1.0,0.0,0.0,1.499,-1.0,0.0,0.0,1.498,-2.0,-0.506,1.498,3.639,-2.0,0.5,3.173,0.494,4.959,-2.492,1.494,1.974,9.432,6.37,-1.516,-1.452,-2.508,0.996,-4.0,-5.0,1.971,8.081,-2.513,-2.481,0.989,3.465,1.132,-2.507,3.979,1.485,1.634,-2.504,-1.004,0.988,-4.504,-2.527,-6.0,-4.0,4.424,-1.503,-4.0,0.488,4.972,1.995,0.0,0.0,0.0,0.0,0.0,0.0,0.0,0.0,0.0,0.0
BtcGF,BTCUSDc,14,14.9927,22.489,4,1.1805,20.43,422,49.763,1,15,0,0.015,1.5,1.0,0.0,0.5,16385,1,17.895,0,0,1,15,0.3,3,9.705,12.784,2.982,2.979,-1.019,-1.0,-0.631,2.985,1.977,-0.029,0.997,-0.013,-1.005,-1.005,-1.004,-1.004,-0.01,1.988,-0.003,-0.007,-2.006,-2.018,-0.023,-0.001,2.152,-3.006,2.969,-0.013,0.999,-4.0,-0.583,0.0,0.995,2.096,2.992,-2.004,0.594,-1.009,-1.014,2.342,-2.0,-3.0,1.04,0.11,0.969,-0.003,1.98,2.986,-2.001,1.0,-3.0,0.0,-1.0,0.0,2.013,1.986,0.995,-1.0,0.0,1.99,0.996,0.991,0.0,0.0,0.0,0.0,0.0,-1.0,0.0,0.0,-1.0,0.0,0.0,0.999,-1.0,0.0,0.0,0.998,-0.014,2.084,0.998,-0.013,-2.0,0.0,1.988,-0.004,4.965,-1.011,-0.004,-2.01,3.069,2.946,-1.017,-2.005,0.56,1.994,-2.016,-0.705,0.976,3.215,-3.009,-1.991,-0.007,1.975,1.99,3.248,1.973,3.981,-0.017,-3.003,-2.002,-0.008,-5.003,-0.012,-5.005,0.858,2.49,1.378,-2.003,-0.008,2.982,0.997,0.0,0.0,0.0,0.0,0.0,0.0,0.0,0.0,0.0,0.0
BtcGF,BTCUSDc,15,14.9927,22.489,4,1.1805,20.43,422,49.763,1,15,0,0.015,2.0,1.0,0.0,0.5,16385,1,17.895,0,0,1,15,0.3,3,9.705,12.784,2.982,2.979,-1.019,-1.0,-0.631,2.985,1.977,-0.029,0.997,-0.013,-1.005,-1.005,-1.004,-1.004,-0.01,1.988,-0.003,-0.007,-2.006,-2.018,-0.023,-0.001,2.152,-3.006,2.969,-0.013,0.999,-4.0,-0.583,0.0,0.995,2.096,2.992,-2.004,0.594,-1.009,-1.014,2.342,-2.0,-3.0,1.04,0.11,0.969,-0.003,1.98,2.986,-2.001,1.0,-3.0,0.0,-1.0,0.0,2.013,1.986,0.995,-1.0,0.0,1.99,0.996,0.991,0.0,0.0,0.0,0.0,0.0,-1.0,0.0,0.0,-1.0,0.0,0.0,0.999,-1.0,0.0,0.0,0.998,-0.014,2.084,0.998,-0.013,-2.0,0.0,1.988,-0.004,4.965,-1.011,-0.004,-2.01,3.069,2.946,-1.017,-2.005,0.56,1.994,-2.016,-0.705,0.976,3.215,-3.009,-1.991,-0.007,1.975,1.99,3.248,1.973,3.981,-0.017,-3.003,-2.002,-0.008,-5.003,-0.012,-5.005,0.858,2.49,1.378,-2.003,-0.008,2.982,0.997,0.0,0.0,0.0,0.0,0.0,0.0,0.0,0.0,0.0,0.0
BtcGF,BTCUSDc,96,-1.4307,-4.292,2,-0.2173,0.0,436,56.1927,1,15,0,0.015,1.5,0.75,0.0,0.5,16385,1,-5.578,0,0,1,20,0.7,2,1.828,-6.12,2.237,2.234,2.719,0.0,-1.256,1.989,0.733,-0.521,0.748,1.234,-1.254,-1.504,-1.253,-1.253,-0.508,1.241,1.994,-1.252,-0.759,-2.514,-0.767,1.246,-0.012,-3.255,1.977,1.241,0.499,-4.25,-1.757,1.247,0.496,0.72,0.608,-2.253,-1.99,1.376,-1.261,0.242,-2.0,-1.256,-2.27,-0.249,0.477,1.981,0.492,1.99,-0.514,0.5,0.488,0.0,1.066,0.0,-0.257,1.489,0.746,-1.0,0.0,1.493,0.747,0.743,0.0,0.0,0.0,0.0,0.0,-1.0,0.0,0.0,-1.0,0.0,0.0,0.75,-1.0,0.0,0.0,0.749,-0.256,0.242,0.749,-0.26,-2.0,-0.25,1.49,-0.253,3.723,-1.509,-0.009,-2.507,1.994,4.752,-1.512,-0.468,0.242,1.246,-1.771,-1.139,1.201,-0.763,-3.257,-3.501,-0.506,1.232,-0.008,2.414,0.233,2.737,-0.766,-1.507,-0.752,1.236,-4.252,0.232,-2.756,-3.255,0.728,1.715,-0.503,-0.256,2.734,0.497,0.0,0.0,0.0,0.0,0.0,0.0,0.0,0.0,0.0,0.0
BtcGF,BTCUSDc,60,-1.006,-3.018,2,-0.157,0.0,437,56.0641,1,15,0,0.015,1.5,0.75,0.0,0.5,16385,1,-4.76,0,0,1,20,0.5,2,3.117,-6.135,2.237,2.234,2.719,0.0,-1.256,1.989,0.733,-0.521,0.748,1.234,-1.254,-1.504,-1.253,-1.253,-0.508,1.241,1.994,-1.252,-0.759,-2.514,-0.767,1.246,-0.012,-3.255,1.977,1.241,0.499,-4.25,-1.757,1.247,0.496,0.72,1.024,-2.253,-1.509,1.768,-1.261,0.242,-2.0,-1.256,-2.27,-0.249,0.477,1.981,0.492,1.99,-0.514,0.5,0.488,0.0,1.066,0.0,-0.257,1.489,0.746,-1.0,0.0,1.493,0.747,0.743,0.0,0.0,0.0,0.0,0.0,-1.0,0.0,0.0,-1.0,0.0,0.0,0.75,-1.0,0.0,0.0,0.749,-0.256,0.242,0.749,-0.26,-2.0,-0.25,1.49,-0.253,3.723,-1.509,-0.009,-2.507,2.191,4.969,-1.512,-2.754,0.242,1.246,-1.771,-0.796,1.201,-0.763,-3.257,-3.501,-0.506,1.232,-0.008,2.767,0.233,2.737,-0.766,-1.507,-0.752,1.236,-4.252,0.232,-2.756,-2.509,0.728,2.13,-0.503,-0.256,2.734,0.497,0.0,0.0,0.0,0.0,0.0,0.0,0.0,0.0,0.0,0.0
BtcGF,BTCUSDc,97,-1.4093,-4.228,2,-0.2141,0.0,436,56.1927,1,15,0,0.015,2.0,0.75,0.0,0.5,16385,1,-5.514,0,0,1,20,0.7,2,1.828,-6.056,2.237,2.234,2.719,0.0,-1.256,1.989,0.733,-0.521,0.748,1.234,-1.254,-1.504,-1.253,-1.253,-0.508,1.241,1.994,-1.252,-0.759,-2.514,-0.767,1.246,-0.012,-3.255,1.977,1.241,0.499,-4.25,-1.757,1.247,0.496,0.72,0.608,-2.253,-1.99,1.376,-1.261,0.242,-2.0,-1.256,-2.27,-0.249,0.477,1.981,0.492,1.99,-0.514,0.5,0.488,0.0,1.066,0.0,-0.257,1.489,0.746,-1.0,0.0,1.493,0.747,0.743,0.0,0.0,0.0,0.0,0.0,-1.0,0.0,0.0,-1.0,0.0,0.0,0.75,-1.0,0.0,0.0,0.749,-0.256,0.242,0.749,-0.26,-2.0,-0.25,1.49,-0.253,3.723,-1.509,-0.009,-2.507,1.994,4.752,-1.512,-0.468,0.242,1.246,-1.771,-1.139,1.201,-0.763,-3.257,-3.501,-0.506,1.232,-0.008,2.414,0.233,2.737,-0.766,-1.507,-0.752,1.236,-4.252,0.232,-2.756,-3.255,0.728,1.779,-0.503,-0.256,2.734,0.497,0.0,0.0,0.0,0.0,0.0,0.0,0.0,0.0,0.0,0.0
BtcGF,BTCUSDc,51,21.0587,31.588,4,2.1053,9.61,419,51.074,1,15,0,0.015,2.0,1.0,0.0,0.5,16385,1,28.552,0,0,1,15,0.5,3,7.332,24.256,2.982,2.979,-1.019,2.286,-0.631,2.985,1.977,-0.029,0.997,-0.013,-1.005,-1.005,-1.004,-1.004,-0.01,1.988,-0.003,-0.007,-2.006,-2.018,-0.023,-0.001,1.585,-3.006,2.969,-0.013,0.999,-4.0,-0.583,0.0,0.995,2.096,2.992,-2.004,-1.448,-1.009,-1.014,2.314,-2.0,-3.0,0.008,0.11,0.969,-0.003,1.98,2.986,-2.001,1.0,-3.0,0.0,-1.0,0.0,2.013,1.986,0.995,-1.0,0.0,1.99,0.996,0.991,0.0,0.0,0.0,0.0,0.0,-1.0,0.0,0.0,-1.0,0.0,0.0,0.999,-1.0,0.0,0.0,0.998,-0.014,1.4,0.998,-0.013,-2.0,0.0,1.988,-0.004,4.965,-1.011,-0.004,-2.01,3.069,1.954,-1.017,-2.005,-0.206,1.994,-1.016,1.113,0.976,2.739,1.687,-1.991,-0.007,1.975,1.99,3.248,1.973,3.981,-0.017,-3.003,-2.002,-0.008,-4.003,3.034,-5.005,-0.73,2.49,3.806,-2.003,-0.008,2.982,0.997,0.0,0.0,0.0,0.0,0.0,0.0,0.0,0.0,0.0,0.0
BtcGF,BTCUSDc,29,7.4445,14.889,3,0.6468,41.35,407,42.9975,1,15,0,0.015,2.0,1.25,0.0,0.5,16385,1,8.733,1,0,1,20,0.3,3,-6.215,21.104,3.727,3.723,-1.767,-1.0,-1.0,1.735,1.98,-3.0,1.247,0.483,-0.757,-0.507,-0.755,-0.755,-1.757,2.735,0.495,0.491,-2.753,-1.523,0.721,0.499,2.081,-2.758,0.483,0.483,-0.75,-3.75,-0.26,-1.75,-0.754,0.981,-2.75,-1.754,2.156,-0.511,-2.0,-0.52,-2.0,-3.0,2.253,-2.0,1.461,0.498,2.838,3.982,-0.631,1.5,-3.0,0.0,-1.0,0.0,1.273,2.482,-1.0,-1.0,0.0,0.24,1.245,1.239,0.0,0.0,0.0,0.0,0.0,-1.0,0.0,0.0,-1.0,0.0,0.0,1.249,-1.0,0.0,0.0,1.248,-2.0,3.662,1.248,0.233,-2.0,0.25,2.484,0.245,6.206,-2.753,0.745,1.418,7.258,4.659,-0.521,-2.471,-2.757,2.743,-1.77,-4.0,1.474,5.385,-2.761,-2.735,0.491,2.721,1.712,1.746,2.982,-0.434,0.73,-2.753,-1.504,0.49,-4.754,-0.525,-3.755,1.13,2.139,2.751,-4.0,0.24,3.978,1.496,0.0,0.0,0.0,0.0,0.0,0.0,0.0,0.0,0.0,0.0
BtcGF,BTCUSDc,31,5.4613,8.192,4,0.3266,104.75,390,37.4359,1,15,0,0.015,2.0,1.5,0.0,0.5,16385,1,-0.389,6,0,1,20,0.3,3,-7.335,15.527,4.472,2.97,-1.52,-1.0,-1.0,0.994,2.976,-3.0,1.496,0.961,-0.508,-2.505,-0.506,-3.0,-1.522,3.482,0.995,0.989,-2.504,-1.028,1.464,-1.501,0.416,-2.51,-1.501,1.231,-0.5,-3.5,-1.002,-1.5,-0.505,-0.522,-4.0,0.989,-4.0,9.567,-2.0,-0.024,-2.0,-3.0,3.422,-2.0,-1.0,-4.0,3.766,4.978,-0.345,2.0,-3.0,0.0,-1.0,0.0,1.528,2.978,-1.0,-1.0,0.0,-1.0,1.494,-0.999,0.0,0.0,0.0,0.0,0.0,-1.0,0.0,0.0,-1.0,0.0,0.0,1.499,-1.0,0.0,0.0,1.498,-2.0,-0.506,1.498,3.012,-2.0,0.5,3.132,0.494,4.959,-2.492,1.494,2.879,9.534,6.37,-1.516,-1.874,-2.508,-0.503,-3.0,-4.0,1.971,7.721,-2.513,-2.481,0.989,3.465,-0.033,0.0,3.979,0.09,1.484,-2.504,-1.004,0.988,-4.504,-2.527,-2.0,-5.0,2.983,-1.503,-4.0,0.488,4.972,1.995,0.0,0.0,0.0,0.0,0.0,0.0,0.0,0.0,0.0,0.0
BtcGF,BTCUSDc,13,-2.2933,-3.44,4,-0.1936,0.0,440,55.6818,1,15,0,0.015,2.0,0.75,0.0,0.5,16385,1,-6.469,0,0,1,15,0.3,2,1.895,-5.335,2.237,2.234,2.719,0.0,-1.256,1.989,0.733,-0.521,0.748,1.234,-1.254,-1.504,-1.253,-1.253,-0.508,1.241,1.994,-1.252,-0.759,-2.514,-0.767,1.246,-0.012,-3.255,1.977,1.241,0.499,-4.25,-1.449,1.247,0.496,0.72,0.884,-2.253,-0.222,2.687,-1.261,0.634,-2.0,-1.256,-2.27,-0.171,0.477,1.981,0.492,1.99,-0.514,0.5,0.488,0.0,-1.0,0.0,-0.257,1.489,0.746,-1.0,0.0,1.493,0.747,0.743,0.0,0.0,0.0,0.0,0.0,-1.0,0.0,0.0,-1.0,0.0,0.0,0.75,-1.0,0.0,0.0,0.749,-0.256,0.242,0.749,-0.26,-2.0,-0.25,1.49,-0.253,3.723,-1.509,-0.009,-2.507,1.774,5.473,-1.512,-2.754,0.242,1.246,-1.771,0.006,1.201,-0.763,-2.514,-3.501,-0.506,1.232,-0.008,2.819,0.233,2.737,-0.766,-1.507,-0.752,1.236,-5.252,0.232,-2.756,-2.509,0.728,0.246,-0.503,-0.256,2.734,0.497,0.0,0.0,0.0,0.0,0.0,0.0,0.0,0.0,0.0,0.0
BtcGF,BTCUSDc,62,16.1933,24.29,4,1.6189,10.51,417,50.8393,1,15,0,0.015,1.5,1.0,0.0,0.5,16385,1,21.738,0,0,1,20,0.5,3,8.225,16.065,2.982,2.979,-2.014,2.286,-1.007,2.985,1.977,-0.029,0.997,-0.013,-1.005,-1.005,-1.004,-1.004,-0.01,1.988,-0.003,-0.007,-3.003,-2.018,-0.023,-0.001,1.585,-3.006,2.969,-0.013,0.999,-4.0,-1.007,0.0,0.995,2.231,3.274,-2.004,-1.448,-1.009,-1.014,1.605,-2.0,-3.0,0.008,0.004,0.969,1.998,1.98,2.986,-0.914,1.0,-3.0,0.0,-1.0,0.0,1.018,1.986,0.995,-1.0,0.0,1.99,0.996,0.991,0.0,0.0,0.0,0.0,0.0,-1.0,0.0,0.0,-1.0,0.0,0.0,0.999,-1.0,0.0,0.0,0.998,-0.014,1.4,0.998,-0.013,-2.0,0.0,1.988,-0.004,4.965,-1.011,-0.004,-2.01,3.936,1.954,-1.017,-2.005,-0.206,1.994,-1.016,0.051,0.976,2.581,-3.009,-1.991,-0.007,1.975,1.99,3.171,1.973,4.032,-0.017,-3.003,-2.002,-0.008,-4.003,3.034,-5.005,-0.953,1.984,3.409,-2.003,-0.008,2.982,0.997,0.0,0.0,0.0,0.0,0.0,0.0,0.0,0.0,0.0,0.0
BtcGF,BTCUSDc,27,9.8907,14.836,4,0.7788,30.97,420,49.2857,1,15,0,0.015,2.0,1.0,0.0,0.5,16385,1,10.242,0,0,1,20,0.3,3,3.096,11.74,2.982,2.979,-2.014,-1.0,-1.007,2.985,1.977,-0.029,0.997,-0.013,-1.005,-1.005,-1.004,-1.004,-0.01,1.988,-0.003,-0.007,-3.003,-2.018,-0.023,-0.001,2.152,-3.006,2.969,-0.013,0.999,-4.0,-1.007,0.0,0.995,-0.016,-1.003,-2.004,0.594,-1.009,-1.014,1.605,-2.0,-3.0,1.084,0.004,0.969,1.998,1.98,2.986,-0.914,1.0,-3.0,0.0,-1.0,0.0,1.018,1.986,0.995,-1.0,0.0,1.99,0.996,0.991,0.0,0.0,0.0,0.0,0.0,-1.0,0.0,0.0,-1.0,0.0,0.0,0.999,-1.0,0.0,0.0,0.998,-0.014,2.152,0.998,-0.013,-2.0,0.0,1.988,-0.004,4.965,-1.011,-0.004,-2.01,4.902,2.946,-1.017,-2.005,0.569,1.994,-2.016,-1.862,0.976,3.033,-3.009,-1.991,-0.007,1.975,1.99,4.375,1.973,4.032,-0.017,-3.003,-2.002,-0.008,-5.003,-0.012,-5.004,-0.055,1.984,0.999,-2.003,-0.008,2.982,0.997,0.0,0.0,0.0,0.0,0.0,0.0,0.0,0.0,0.0,0.0
BtcGF,BTCUSDc,49,-1.0573,-1.586,4,-0.089,0.0,438,56.1644,1,15,0,0.015,2.0,0.75,0.0,0.5,16385,1,-3.328,0,0,1,15,0.5,2,3.158,-4.744,2.237,2.234,2.719,0.0,-1.256,1.989,0.733,-0.521,0.748,1.234,-1.254,-1.504,-1.253,-1.253,-0.508,1.241,1.994,-1.252,-0.759,-2.514,-0.767,1.246,-0.012,-3.255,1.977,1.241,0.499,-4.25,-1.449,1.247,0.496,0.72,0.884,-2.253,-1.509,1.768,-1.261,0.634,-2.0,-1.256,-2.27,-0.171,0.477,1.981,0.492,1.99,-0.514,0.5,0.488,0.0,1.469,0.0,-0.257,1.489,0.746,-1.0,0.0,1.493,0.747,0.743,0.0,0.0,0.0,0.0,0.0,-1.0,0.0,0.0,-1.0,0.0,0.0,0.75,-1.0,0.0,0.0,0.749,-0.256,0.242,0.749,-0.26,-2.0,-0.25,1.49,-0.253,3.723,-1.509,-0.009,-2.507,1.774,4.969,-1.512,-2.754,0.242,1.246,-1.771,-0.796,1.201,-0.763,-2.514,-3.501,-0.506,1.232,-0.008,2.819,0.233,2.737,-0.766,-1.507,-0.752,1.236,-4.252,0.232,-2.756,-2.509,0.728,2.143,-0.503,-0.256,2.734,0.497,0.0,0.0,0.0,0.0,0.0,0.0,0.0,0.0,0.0,0.0
BtcGF,BTCUSDc,48,-1.062,-1.593,4,-0.0894,0.0,438,56.1644,1,15,0,0.015,1.5,0.75,0.0,0.5,16385,1,-3.335,0,0,1,15,0.5,2,3.158,-4.751,2.237,2.234,2.719,0.0,-1.256,1.989,0.733,-0.521,0.748,1.234,-1.254,-1.504,-1.253,-1.253,-0.508,1.241,1.994,-1.252,-0.759,-2.514,-0.767,1.246,-0.012,-3.255,1.977,1.241,0.499,-4.25,-1.449,1.247,0.496,0.72,0.884,-2.253,-1.509,1.768,-1.261,0.634,-2.0,-1.256,-2.27,-0.171,0.477,1.981,0.492,1.99,-0.514,0.5,0.488,0.0,1.469,0.0,-0.257,1.489,0.746,-1.0,0.0,1.493,0.747,0.743,0.0,0.0,0.0,0.0,0.0,-1.0,0.0,0.0,-1.0,0.0,0.0,0.75,-1.0,0.0,0.0,0.749,-0.256,0.242,0.749,-0.26,-2.0,-0.25,1.49,-0.253,3.723,-1.509,-0.009,-2.507,1.774,4.969,-1.512,-2.754,0.242,1.246,-1.771,-0.796,1.201,-0.763,-2.514,-3.501,-0.506,1.232,-0.008,2.819,0.233,2.737,-0.766,-1.507,-0.752,1.236,-4.252,0.232,-2.756,-2.509,0.728,2.136,-0.503,-0.256,2.734,0.497,0.0,0.0,0.0,0.0,0.0,0.0,0.0,0.0,0.0,0.0
BtcGF,BTCUSDc,20,18.6107,27.916,4,1.6609,64.88,386,33.4197,1,15,0,0.015,1.5,1.75,0.0,0.5,16385,1,9.805,8,0,1,15,0.3,2,11.829,16.087,5.219,3.465,0.467,-1.0,-1.0,1.492,0.486,-3.0,1.745,1.457,-3.0,-2.256,-0.257,-3.0,-0.553,4.229,1.494,-0.257,-0.511,-3.264,5.705,-1.252,5.35,-2.261,-1.251,-1.258,-0.25,-3.251,0.271,-1.25,-3.0,2.348,0.797,-1.256,-4.0,16.855,-2.0,-2.275,-2.0,-3.0,4.489,-2.0,-1.0,-4.0,2.308,5.974,-1.251,2.498,-3.0,0.0,-1.0,0.0,3.615,3.474,-1.0,-1.0,0.0,-1.0,1.744,-1.0,0.0,0.0,0.0,0.0,0.0,-1.0,0.0,0.0,-1.0,0.0,0.0,1.749,-1.0,0.0,0.0,-1.0,-2.0,-0.257,1.747,-2.0,-2.0,0.736,3.724,0.743,2.468,-2.237,2.244,3.208,8.56,0.46,-1.269,-0.538,-2.259,1.496,-4.0,-5.0,2.469,11.522,-2.266,-2.226,1.487,4.208,2.237,-5.0,0.511,2.235,1.724,-0.512,0.496,1.486,-4.255,-1.28,-6.0,-4.0,6.73,-3.0,-2.253,0.737,5.968,2.494,0.0,0.0,0.0,0.0,0.0,0.0,0.0,0.0,0.0,0.0
BtcGF,BTCUSDc,23,25.7207,38.581,4,1.6094,58.24,376,31.383,1,15,0,0.015,2.0,2.0,0.0,0.5,16385,1,16.11,5,0,1,15,0.3,3,26.779,11.802,5.964,3.952,0.963,-1.0,-1.0,2.16,0.985,-3.0,1.994,1.954,-3.0,-2.007,-0.008,-3.0,0.085,7.984,1.993,-0.008,-0.013,-3.016,-1.022,-1.002,11.016,-2.013,-1.002,-1.009,-0.001,-3.001,1.887,-1.0,-3.0,2.449,1.398,-1.007,-4.0,22.465,-2.0,-2.028,-2.0,-3.0,5.609,-2.0,-1.0,-4.0,3.121,3.977,-1.002,2.998,-3.0,0.0,-1.0,0.0,-1.0,3.971,-1.0,-1.0,0.0,-1.0,1.993,-1.0,0.0,0.0,0.0,0.0,0.0,-1.0,0.0,0.0,-1.0,0.0,0.0,1.999,-1.0,0.0,0.0,-1.0,-2.0,-0.008,1.997,-2.0,-2.0,0.992,4.274,0.992,-0.013,-1.984,2.991,5.776,-0.008,0.979,-1.022,-1.8,-2.011,1.996,-4.0,-5.0,2.966,13.963,-2.018,-1.971,1.986,4.953,3.341,-5.0,1.013,4.102,2.323,-2.005,-2.003,1.984,-4.006,-1.033,-6.0,-4.0,-0.891,-3.0,-2.004,-1.015,8.973,2.994,0.0,0.0,0.0,0.0,0.0,0.0,0.0,0.0,0.0,0.0
BtcGF,BTCUSDc,26,9.876,14.814,4,0.7777,31.01,420,49.2857,1,15,0,0.015,1.5,1.0,0.0,0.5,16385,1,10.22,0,0,1,20,0.3,3,3.096,11.718,2.982,2.979,-2.014,-1.0,-1.007,2.985,1.977,-0.029,0.997,-0.013,-1.005,-1.005,-1.004,-1.004,-0.01,1.988,-0.003,-0.007,-3.003,-2.018,-0.023,-0.001,2.152,-3.006,2.969,-0.013,0.999,-4.0,-1.007,0.0,0.995,-0.016,-1.003,-2.004,0.594,-1.009,-1.014,1.605,-2.0,-3.0,1.084,0.004,0.969,1.998,1.98,2.986,-0.914,1.0,-3.0,0.0,-1.0,0.0,1.018,1.986,0.995,-1.0,0.0,1.99,0.996,0.991,0.0,0.0,0.0,0.0,0.0,-1.0,0.0,0.0,-1.0,0.0,0.0,0.999,-1.0,0.0,0.0,0.998,-0.014,2.152,0.998,-0.013,-2.0,0.0,1.988,-0.004,4.965,-1.011,-0.004,-2.01,4.902,2.946,-1.017,-2.005,0.569,1.994,-2.016,-1.862,0.976,3.033,-3.009,-1.991,-0.007,1.975,1.99,4.359,1.973,4.032,-0.017,-3.003,-2.002,-0.008,-5.003,-0.012,-5.004,-0.061,1.984,0.999,-2.003,-0.008,2.982,0.997,0.0,0.0,0.0,0.0,0.0,0.0,0.0,0.0,0.0,0.0
BtcGF,BTCUSDc,18,9.817,19.634,3,0.9077,70.05,401,37.1571,1,15,0,0.015,1.5,1.5,0.0,0.5,16385,1,5.88,6,0,1,15,0.3,2,4.524,15.11,4.472,2.97,-0.028,-1.0,-1.0,0.993,2.976,-3.0,1.496,0.961,-0.508,-2.505,-0.506,-3.0,-1.521,3.482,0.995,0.989,-1.009,-1.028,1.464,-1.501,2.682,-2.51,-1.501,-1.507,-0.5,-3.5,-0.345,-1.5,-0.505,2.76,0.196,-1.505,-4.0,14.74,-2.0,-1.024,-2.0,-3.0,3.34,-2.0,-1.0,-4.0,3.981,4.978,-1.501,2.0,-3.0,0.0,-1.0,0.0,3.081,2.978,-1.0,-1.0,0.0,-1.0,1.494,-1.0,0.0,0.0,0.0,0.0,0.0,-1.0,0.0,0.0,-1.0,0.0,0.0,1.499,-1.0,0.0,0.0,1.498,-2.0,-0.506,1.498,3.639,-2.0,0.5,3.173,0.494,4.959,-2.492,1.494,1.972,9.432,6.37,-1.516,-1.452,-2.508,0.996,-4.0,-5.0,1.971,8.081,-2.513,-2.481,0.989,3.465,1.132,-2.507,3.979,1.485,1.634,-2.504,-1.004,0.988,-4.504,-2.527,-6.0,-4.0,4.424,-1.503,-4.0,0.488,4.972,1.995,0.0,0.0,0.0,0.0,0.0,0.0,0.0,0.0,0.0,0.0
BtcGF,BTCUSDc,65,13.0915,26.183,3,1.3741,14.05,402,44.7761,1,15,0,0.015,2.0,1.25,0.0,0.5,16385,1,22.505,0,0,1,20,0.5,3,1.413,24.77,3.727,3.723,-1.767,2.917,-1.0,1.735,1.98,-3.0,1.247,0.483,-0.757,-0.507,-0.755,-0.755,-0.757,2.735,0.495,0.491,-2.753,-1.523,0.721,0.499,0.943,-2.758,0.483,0.483,-0.75,-3.75,-0.26,-1.75,-0.754,4.159,2.264,-1.754,-0.639,-0.511,-2.0,-0.52,-2.0,-3.0,0.705,-2.0,1.461,0.498,2.838,3.982,-0.631,1.5,-3.0,0.0,-1.0,0.0,1.273,2.482,-1.0,-1.0,0.0,0.24,1.245,1.239,0.0,0.0,0.0,0.0,0.0,-1.0,0.0,0.0,-1.0,0.0,0.0,1.249,-1.0,0.0,0.0,1.248,-2.0,2.625,1.248,0.233,-2.0,0.25,2.484,0.245,6.206,0.038,0.745,-0.082,5.79,3.179,-0.521,-2.471,-2.757,2.743,-0.77,-0.284,1.474,4.288,-2.761,-2.735,0.491,2.721,1.712,1.746,2.982,-0.434,0.73,-2.753,-1.504,0.49,-3.754,-0.525,-3.756,-0.076,1.657,2.503,-0.322,0.24,3.978,1.496,0.0,0.0,0.0,0.0,0.0,0.0,0.0,0.0,0.0,0.0
BtcGF,BTCUSDc,17,11.485,22.97,3,1.4083,26.8,412,43.2039,1,15,0,0.015,2.0,1.25,0.0,0.5,16385,1,16.814,2,0,1,15,0.3,3,1.029,21.941,3.727,3.723,-0.523,-1.0,-1.0,1.735,1.98,-3.0,1.247,0.483,-0.757,-0.507,-0.755,-0.755,-1.756,2.735,0.495,0.491,-1.507,-1.523,0.721,0.499,2.081,-2.758,0.483,0.483,-0.75,-3.75,0.281,-1.75,-0.754,3.677,1.845,-1.754,2.156,-0.511,-2.0,-1.52,-2.0,-3.0,2.19,-2.0,1.461,-1.754,2.92,3.982,-1.751,1.5,-3.0,0.0,-1.0,0.0,2.547,2.482,-1.0,-1.0,0.0,0.24,1.245,1.239,0.0,0.0,0.0,0.0,0.0,-1.0,0.0,0.0,-1.0,0.0,0.0,1.249,-1.0,0.0,0.0,1.248,-2.0,3.548,1.248,0.233,-2.0,0.25,2.484,0.245,6.206,-2.753,0.745,0.733,7.311,4.659,-0.521,-2.366,-2.757,2.743,-1.77,-5.0,1.474,5.656,-2.761,-2.735,0.491,2.721,2.274,-0.508,2.982,0.734,0.73,-2.753,-1.504,0.49,-4.754,-0.525,-3.756,2.279,3.118,3.355,-4.0,0.24,3.978,1.496,0.0,0.0,0.0,0.0,0.0,0.0,0.0,0.0,0.0,0.0
BtcGF,BTCUSDc,99,12.81,19.215,4,1.1611,9.64,415,51.0843,1,15,0,0.015,2.0,1.0,0.0,0.5,16385,1,17.362,0,0,1,20,0.7,4,9.245,9.97,2.982,2.979,-2.014,1.609,-1.007,2.985,1.977,-0.029,0.997,-0.013,-1.005,-1.005,-1.004,-1.004,-0.01,1.988,2.458,-0.007,-3.003,-2.018,-0.023,-0.001,1.342,-3.006,2.969,-0.013,0.999,-4.0,-1.007,0.0,0.995,2.127,2.741,-2.004,-2.199,1.549,-1.014,1.363,-2.0,-3.0,-0.443,0.004,0.969,1.998,1.98,2.986,-0.914,1.0,-3.0,0.0,0.0,-1.0,1.018,1.986,0.995,-1.0,0.0,1.99,0.996,0.991,0.0,0.0,0.0,0.0,0.0,-1.0,0.0,0.0,-1.0,0.0,0.0,0.999,-1.0,0.0,0.0,0.998,-0.014,0.762,0.998,-0.013,-2.0,0.0,1.988,-0.004,4.965,-1.011,-0.004,-2.01,3.527,1.528,-1.017,-2.005,-0.539,1.994,-1.016,-0.897,0.976,2.389,-3.009,-1.991,-0.007,1.975,1.99,2.641,1.973,4.032,-0.017,-3.003,-3.001,-0.008,-4.003,2.488,-5.005,-2.47,1.984,2.854,-2.003,-0.008,2.982,0.997,0.0,0.0,0.0,0.0,0.0,0.0,0.0,0.0,0.0,0.0
BtcGF,BTCUSDc,54,21.6253,32.438,4,1.3105,18.67,395,38.7342,1,15,0,0.015,1.5,1.5,0.0,0.5,16385,1,26.383,4,0,1,15,0.5,3,0.033,32.405,4.472,2.97,-0.028,5.429,-1.0,0.993,2.976,-3.0,1.496,0.961,-0.508,-2.505,-0.506,-3.0,-0.522,3.482,0.995,0.989,-1.009,-1.028,1.464,-1.501,0.893,-2.51,-1.501,-1.507,-0.5,-3.5,-0.345,-1.5,-0.505,2.76,0.196,-1.505,-4.0,7.041,-2.0,-1.024,-2.0,-3.0,1.403,-2.0,-1.0,-4.0,3.981,4.978,-1.501,2.0,-3.0,0.0,-1.0,0.0,3.081,2.978,-1.0,-1.0,0.0,-1.0,1.494,-1.0,0.0,0.0,0.0,0.0,0.0,-1.0,0.0,0.0,-1.0,0.0,0.0,1.499,-1.0,0.0,0.0,1.498,-2.0,-0.505,1.498,2.144,-2.0,0.5,3.173,0.494,4.959,-2.492,1.494,0.901,7.614,4.404,-1.516,-1.452,-2.508,0.996,-3.0,2.063,1.971,6.248,-0.513,1.221,0.989,3.465,1.132,-2.507,3.979,1.485,1.634,-2.504,-1.004,0.988,-3.504,-2.527,-6.0,2.738,3.978,-2.0,0.423,0.488,4.972,1.995,0.0,0.0,0.0,0.0,0.0,0.0,0.0,0.0,0.0,0.0
BtcGF,BTCUSDc,89,12.0485,24.097,3,1.1962,11.17,398,44.9749,1,15,0,0.015,2.0,1.25,0.0,0.5,16385,1,21.405,0,0,1,15,0.7,3,2.177,21.92,3.727,3.723,-1.767,2.039,-1.0,1.735,1.98,-3.0,1.247,0.483,-0.757,-0.507,-0.755,-0.755,0.243,0.485,3.345,0.491,-1.507,-1.523,0.721,0.499,0.457,-2.758,0.483,0.483,-0.75,-3.75,0.281,-1.75,-0.754,3.677,1.435,-1.754,-1.661,-0.511,-2.0,-0.52,-2.0,-3.0,0.057,-2.0,1.461,0.246,3.6,3.982,-3.0,1.5,-3.0,0.0,0.0,-1.0,1.91,2.482,-1.0,-1.0,0.0,3.184,1.245,1.239,0.0,0.0,0.0,0.0,0.0,-1.0,0.0,0.0,-1.0,0.0,0.0,1.249,-1.0,0.0,0.0,1.248,-2.0,1.656,1.248,0.233,-2.0,0.25,2.484,0.245,6.206,-0.171,0.745,-0.724,5.203,2.545,-0.521,-2.366,-2.757,2.743,-0.77,-0.37,1.474,3.866,1.66,-2.735,0.491,2.721,2.142,-0.508,2.982,0.734,0.73,-2.753,-2.752,0.49,-3.754,-0.525,-3.756,-1.911,1.951,3.107,-1.308,0.24,3.978,1.496,0.0,0.0,0.0,0.0,0.0,0.0,0.0,0.0,0.0,0.0
BtcGF,BTCUSDc,37,-1.7247,-2.587,4,-0.1374,0.0,439,56.0364,1,15,0,0.015,2.0,0.75,0.0,0.5,16385,1,-4.329,0,0,1,10,0.5,2,3.152,-5.739,2.237,2.234,2.719,0.0,-1.256,1.989,0.733,-0.521,0.748,1.234,-1.254,-1.504,-1.253,-1.253,-0.508,1.241,1.994,-1.252,-0.759,-2.514,-0.767,1.246,-0.012,-3.255,1.977,1.241,0.499,-4.25,-1.59,1.247,0.496,0.72,1.024,-2.253,-1.509,1.668,-1.261,0.811,-2.0,-1.256,-2.27,-1.253,0.477,1.981,0.492,1.99,-0.514,0.5,0.488,0.0,1.469,0.0,-0.257,1.489,0.746,-1.0,0.0,1.493,0.747,0.743,0.0,0.0,0.0,0.0,0.0,-1.0,0.0,0.0,-1.0,0.0,0.0,0.75,-1.0,0.0,0.0,0.749,-0.256,0.242,0.749,-0.26,-2.0,-0.25,1.49,-0.253,3.723,-1.509,-0.009,-2.507,1.731,4.969,-1.512,-2.754,0.242,1.246,-1.771,-0.796,1.201,-0.763,-2.514,-3.501,-0.506,1.232,-0.008,2.867,0.233,2.737,-0.766,-1.507,-0.752,1.236,-4.252,0.232,-2.756,-2.509,0.728,2.143,-0.503,-0.256,2.734,0.497,0.0,0.0,0.0,0.0,0.0,0.0,0.0,0.0,0.0,0.0
BtcGF,BTCUSDc,64,13.0905,26.181,3,1.374,14.05,402,44.7761,1,15,0,0.015,1.5,1.25,0.0,0.5,16385,1,22.503,0,0,1,20,0.5,3,1.413,24.768,3.727,3.723,-1.767,2.917,-1.0,1.735,1.98,-3.0,1.247,0.483,-0.757,-0.507,-0.755,-0.755,-0.757,2.735,0.495,0.491,-2.753,-1.523,0.721,0.499,0.943,-2.758,0.483,0.483,-0.75,-3.75,-0.26,-1.75,-0.754,4.159,2.264,-1.754,-0.639,-0.511,-2.0,-0.52,-2.0,-3.0,0.705,-2.0,1.461,0.498,2.838,3.982,-0.631,1.5,-3.0,0.0,-1.0,0.0,1.273,2.482,-1.0,-1.0,0.0,0.24,1.245,1.239,0.0,0.0,0.0,0.0,0.0,-1.0,0.0,0.0,-1.0,0.0,0.0,1.249,-1.0,0.0,0.0,1.248,-2.0,2.625,1.248,0.233,-2.0,0.25,2.484,0.245,6.206,0.038,0.745,-0.082,5.79,3.179,-0.521,-2.471,-2.757,2.743,-0.77,-0.284,1.474,4.288,-2.761,-2.735,0.491,2.721,1.712,1.746,2.982,-0.434,0.73,-2.753,-1.504,0.49,-3.754,-0.525,-3.756,-0.078,1.657,2.503,-0.322,0.24,3.978,1.496,0.0,0.0,0.0,0.0,0.0,0.0,0.0,0.0,0.0,0.0
BtcGF,BTCUSDc,91,8.21,16.42,3,0.594,23.0,388,38.6598,1,15,0,0.015,2.0,1.5,0.0,0.5,16385,1,12.644,0,0,1,15,0.7,3,-8.24,24.66,4.472,2.97,-1.52,3.393,-1.0,0.994,2.976,-3.0,1.496,0.961,-0.508,-2.505,-0.506,-3.0,0.478,0.982,0.995,0.989,-1.009,-1.028,1.464,-1.501,0.109,-2.51,-1.501,-1.507,-0.5,-3.5,-0.345,-1.5,-0.505,2.76,-0.284,-1.505,-4.0,4.762,-2.0,-0.024,-2.0,-3.0,0.558,-2.0,-1.0,-2.0,4.905,4.978,-3.0,2.0,-3.0,0.0,0.0,-1.0,2.304,2.978,-1.0,-1.0,0.0,-1.0,1.494,-1.0,0.0,0.0,0.0,0.0,0.0,-1.0,0.0,0.0,-1.0,0.0,0.0,1.499,-1.0,0.0,0.0,1.498,-2.0,4.011,1.498,1.501,-2.0,0.5,3.173,0.494,4.959,-2.492,1.494,0.175,6.732,3.56,-1.516,-1.452,-2.508,0.996,-3.0,0.258,1.971,5.292,-0.513,-0.175,0.989,3.465,0.858,-2.507,3.979,1.485,1.634,-2.504,-2.502,0.988,-3.504,-2.527,-6.0,0.564,3.3,-2.0,-0.468,0.488,4.972,1.995,0.0,0.0,0.0,0.0,0.0,0.0,0.0,0.0,0.0,0.0
BtcGF,BTCUSDc,66,18.068,27.102,4,1.3761,19.39,384,39.3229,1,15,0,0.015,1.5,1.5,0.0,0.5,16385,1,21.848,2,0,1,20,0.5,3,1.305,25.797,4.472,2.97,-1.52,3.747,-1.0,0.993,2.976,-3.0,1.496,0.961,-0.508,-2.505,-0.506,-3.0,-0.522,3.482,0.995,0.989,-2.504,-1.028,1.464,-1.501,0.416,-2.51,-1.501,1.216,-0.5,-3.5,-1.002,-1.5,-0.505,3.587,1.751,0.982,-4.0,6.135,-2.0,-0.024,-2.0,-3.0,1.403,-2.0,-1.0,-3.999,3.766,4.978,-0.345,2.0,-3.0,0.0,-1.0,0.0,1.528,2.978,-1.0,-1.0,0.0,-1.0,1.494,-0.999,0.0,0.0,0.0,0.0,0.0,-1.0,0.0,0.0,-1.0,0.0,0.0,1.499,-1.0,0.0,0.0,1.498,-2.0,-0.505,1.498,2.144,-2.0,0.5,3.132,0.494,4.959,-2.492,1.494,0.896,7.564,4.404,-1.516,-1.874,-2.508,-0.503,-2.0,0.458,1.971,5.979,-2.513,-2.481,0.989,3.465,-0.033,0.0,3.979,0.09,1.484,-2.504,-1.004,0.988,-3.504,-2.527,-2.0,1.254,3.125,-2.0,0.947,0.488,4.972,1.995,0.0,0.0,0.0,0.0,0.0,0.0,0.0,0.0,0.0,0.0
BtcGF,BTCUSDc,39,15.837,31.674,3,1.9793,9.65,419,50.8353,1,15,0,0.015,2.0,1.0,0.0,0.5,16385,1,28.617,0,0,1,10,0.5,3,7.21,24.464,2.982,2.979,-1.019,2.286,-0.185,2.985,1.977,-0.029,0.997,-0.013,-1.005,-1.005,-1.004,-1.004,-0.01,1.988,2.088,-0.007,-2.006,-2.018,-0.023,-0.001,1.119,-3.006,2.969,-0.013,0.999,-4.0,-0.777,0.0,0.995,1.98,3.116,-2.004,-1.448,-1.009,-1.014,2.362,-2.0,-3.0,0.008,-3.0,0.969,-0.003,1.98,2.986,-2.001,1.0,-3.0,0.0,-1.0,0.0,2.068,1.986,0.995,-1.0,0.0,1.99,0.996,0.991,0.0,0.0,0.0,0.0,0.0,-1.0,0.0,0.0,-1.0,0.0,0.0,0.999,-1.0,0.0,0.0,0.998,-0.014,1.4,0.998,-0.013,-2.0,0.0,1.988,-0.004,4.965,-1.011,-0.004,-2.01,2.979,1.954,-1.017,-2.005,-0.206,1.994,-1.016,1.134,0.976,2.76,1.687,-0.938,-0.007,1.975,1.99,3.318,1.973,5.012,-0.017,-3.003,-3.001,-0.008,-4.003,3.034,-5.005,-0.849,2.872,3.644,-2.003,-0.008,2.982,0.997,0.0,0.0,0.0,0.0,0.0,0.0,0.0,0.0,0.0,0.0
BtcGF,BTCUSDc,25,-2.9387,-4.408,4,-0.2347,0.0,439,55.5809,1,15,0,0.015,2.0,0.75,0.0,0.5,16385,1,-7.437,0,0,1,20,0.3,2,1.797,-6.205,2.237,2.234,2.719,0.0,-1.256,1.989,0.733,-0.521,0.748,1.234,-1.254,-1.504,-1.253,-1.253,-0.508,1.241,1.994,-1.252,-0.759,-2.514,-0.767,1.246,-0.012,-3.255,1.977,1.241,0.499,-4.25,-1.757,1.247,0.496,0.72,-1.502,-2.253,-0.222,2.687,-1.261,0.242,-2.0,-1.256,-2.27,-0.249,0.477,1.981,0.492,1.99,-0.514,0.5,0.488,0.0,1.066,0.0,-0.257,1.489,0.746,-1.0,0.0,1.493,0.747,0.743,0.0,0.0,0.0,0.0,0.0,-1.0,0.0,0.0,-1.0,0.0,0.0,0.75,-1.0,0.0,0.0,0.749,-0.256,0.242,0.749,-0.26,-2.0,-0.25,1.49,-0.253,3.723,-1.509,-0.009,-2.507,2.656,5.473,-1.512,-2.754,0.242,1.246,-1.771,-0.755,1.201,-0.763,-3.257,-3.501,-0.506,1.232,-0.008,3.57,0.233,2.737,-0.766,-1.507,-0.752,1.236,-5.252,0.232,-2.755,-2.509,0.728,0.246,-0.503,-0.256,2.734,0.497,0.0,0.0,0.0,0.0,0.0,0.0,0.0,0.0,0.0,0.0
BtcGF,BTCUSDc,85,-0.9823,-2.947,2,-0.1547,0.0,437,56.2929,1,15,0,0.015,2.0,0.75,0.0,0.5,16385,1,-4.233,0,0,1,15,0.7,2,2.583,-5.53,2.237,2.234,2.719,0.0,-1.256,1.989,0.733,-0.521,0.748,1.234,-1.254,-1.504,-1.253,-1.253,-0.508,1.241,1.994,-1.252,-0.759,-2.514,-0.767,1.246,-0.012,-3.255,1.977,1.241,0.499,-4.25,-1.449,1.247,0.496,0.72,0.608,-2.253,-1.99,1.376,-1.261,0.559,-2.0,-1.256,-2.27,-0.171,0.477,1.981,0.492,1.99,-0.514,0.5,0.488,0.0,1.118,0.0,-0.257,1.489,0.746,-1.0,0.0,1.493,0.747,0.743,0.0,0.0,0.0,0.0,0.0,-1.0,0.0,0.0,-1.0,0.0,0.0,0.75,-1.0,0.0,0.0,0.749,-0.256,0.242,0.749,-0.26,-2.0,-0.25,1.49,-0.253,3.723,-1.509,-0.009,-2.507,1.774,4.752,-1.512,-0.468,0.242,1.246,-1.771,-1.139,1.201,-0.763,-2.514,-3.501,-0.506,1.232,-0.008,2.417,0.233,2.737,-0.766,-1.507,-0.752,1.236,-4.252,0.232,-2.756,-3.255,0.728,1.779,-0.503,-0.256,2.734,0.497,0.0,0.0,0.0,0.0,0.0,0.0,0.0,0.0,0.0,0.0
BtcGF,BTCUSDc,61,-1.006,-3.018,2,-0.157,0.0,437,56.0641,1,15,0,0.015,2.0,0.75,0.0,0.5,16385,1,-4.76,0,0,1,20,0.5,2,3.117,-6.135,2.237,2.234,2.719,0.0,-1.256,1.989,0.733,-0.521,0.748,1.234,-1.254,-1.504,-1.253,-1.253,-0.508,1.241,1.994,-1.252,-0.759,-2.514,-0.767,1.246,-0.012,-3.255,1.977,1.241,0.499,-4.25,-1.757,1.247,0.496,0.72,1.024,-2.253,-1.509,1.768,-1.261,0.242,-2.0,-1.256,-2.27,-0.249,0.477,1.981,0.492,1.99,-0.514,0.5,0.488,0.0,1.066,0.0,-0.257,1.489,0.746,-1.0,0.0,1.493,0.747,0.743,0.0,0.0,0.0,0.0,0.0,-1.0,0.0,0.0,-1.0,0.0,0.0,0.75,-1.0,0.0,0.0,0.749,-0.256,0.242,0.749,-0.26,-2.0,-0.25,1.49,-0.253,3.723,-1.509,-0.009,-2.507,2.191,4.969,-1.512,-2.754,0.242,1.246,-1.771,-0.796,1.201,-0.763,-3.257,-3.501,-0.506,1.232,-0.008,2.767,0.233,2.737,-0.766,-1.507,-0.752,1.236,-4.252,0.232,-2.756,-2.509,0.728,2.13,-0.503,-0.256,2.734,0.497,0.0,0.0,0.0,0.0,0.0,0.0,0.0,0.0,0.0,0.0
BtcGF,BTCUSDc,52,22.2353,33.353,4,1.7399,12.14,406,44.8276,1,15,0,0.015,1.5,1.25,0.0,0.5,16385,1,29.304,0,0,1,15,0.5,3,0.287,33.066,3.727,3.723,-0.523,2.917,-1.0,1.735,1.98,-3.0,1.247,0.483,-0.757,-0.507,-0.755,-0.755,-0.757,2.735,0.495,0.491,-1.507,-1.523,0.721,0.499,0.943,-2.758,0.483,0.483,-0.75,-3.75,0.281,-1.75,-0.754,3.677,1.845,-1.754,-0.639,-0.511,-2.0,-1.52,-2.0,-3.0,0.705,-2.0,1.461,-1.754,2.92,3.982,-1.751,1.5,-3.0,0.0,-1.0,0.0,2.547,2.482,-1.0,-1.0,0.0,0.24,1.245,1.239,0.0,0.0,0.0,0.0,0.0,-1.0,0.0,0.0,-1.0,0.0,0.0,1.249,-1.0,0.0,0.0,1.248,-2.0,2.625,1.248,0.233,-2.0,0.25,2.484,0.245,6.206,0.038,0.745,-0.082,5.892,3.179,-0.521,-2.366,-2.757,2.743,-0.77,1.049,1.474,4.501,2.78,-2.735,0.491,2.721,2.274,-0.508,2.982,0.734,0.73,-2.753,-1.504,0.49,-3.754,-0.525,-3.756,0.187,2.336,3.107,-0.582,0.24,3.978,1.496,0.0,0.0,0.0,0.0,0.0,0.0,0.0,0.0,0.0,0.0
BtcGF,BTCUSDc,36,-1.7293,-2.594,4,-0.1378,0.0,439,56.0364,1,15,0,0.015,1.5,0.75,0.0,0.5,16385,1,-4.336,0,0,1,10,0.5,2,3.152,-5.746,2.237,2.234,2.719,0.0,-1.256,1.989,0.733,-0.521,0.748,1.234,-1.254,-1.504,-1.253,-1.253,-0.508,1.241,1.994,-1.252,-0.759,-2.514,-0.767,1.246,-0.012,-3.255,1.977,1.241,0.499,-4.25,-1.59,1.247,0.496,0.72,1.024,-2.253,-1.509,1.668,-1.261,0.811,-2.0,-1.256,-2.27,-1.253,0.477,1.981,0.492,1.99,-0.514,0.5,0.488,0.0,1.469,0.0,-0.257,1.489,0.746,-1.0,0.0,1.493,0.747,0.743,0.0,0.0,0.0,0.0,0.0,-1.0,0.0,0.0,-1.0,0.0,0.0,0.75,-1.0,0.0,0.0,0.749,-0.256,0.242,0.749,-0.26,-2.0,-0.25,1.49,-0.253,3.723,-1.509,-0.009,-2.507,1.731,4.969,-1.512,-2.754,0.242,1.246,-1.771,-0.796,1.201,-0.763,-2.514,-3.501,-0.506,1.232,-0.008,2.867,0.233,2.737,-0.766,-1.507,-0.752,1.236,-4.252,0.232,-2.756,-2.509,0.728,2.136,-0.503,-0.256,2.734,0.497,0.0,0.0,0.0,0.0,0.0,0.0,0.0,0.0,0.0,0.0
BtcGF,BTCUSDc,63,16.1933,24.29,4,1.6189,10.51,417,50.8393,1,15,0,0.015,2.0,1.0,0.0,0.5,16385,1,21.738,0,0,1,20,0.5,3,8.225,16.065,2.982,2.979,-2.014,2.286,-1.007,2.985,1.977,-0.029,0.997,-0.013,-1.005,-1.005,-1.004,-1.004,-0.01,1.988,-0.003,-0.007,-3.003,-2.018,-0.023,-0.001,1.585,-3.006,2.969,-0.013,0.999,-4.0,-1.007,0.0,0.995,2.231,3.274,-2.004,-1.448,-1.009,-1.014,1.605,-2.0,-3.0,0.008,0.004,0.969,1.998,1.98,2.986,-0.914,1.0,-3.0,0.0,-1.0,0.0,1.018,1.986,0.995,-1.0,0.0,1.99,0.996,0.991,0.0,0.0,0.0,0.0,0.0,-1.0,0.0,0.0,-1.0,0.0,0.0,0.999,-1.0,0.0,0.0,0.998,-0.014,1.4,0.998,-0.013,-2.0,0.0,1.988,-0.004,4.965,-1.011,-0.004,-2.01,3.936,1.954,-1.017,-2.005,-0.206,1.994,-1.016,0.051,0.976,2.581,-3.009,-1.991,-0.007,1.975,1.99,3.171,1.973,4.032,-0.017,-3.003,-2.002,-0.008,-4.003,3.034,-5.005,-0.953,1.984,3.409,-2.003,-0.008,2.982,0.997,0.0,0.0,0.0,0.0,0.0,0.0,0.0,0.0,0.0,0.0
BtcGF,BTCUSDc,98,12.732,19.098,4,1.154,9.43,415,51.0843,1,15,0,0.015,1.5,1.0,0.0,0.5,16385,1,17.297,0,0,1,20,0.7,3,9.238,9.86,2.982,2.979,-2.014,1.609,-1.007,2.985,1.977,-0.029,0.997,-0.013,-1.005,-1.005,-1.004,-1.004,-0.01,1.988,2.458,-0.007,-3.003,-2.018,-0.023,-0.001,1.342,-3.006,2.969,-0.013,0.999,-4.0,-1.007,0.0,0.995,2.127,2.741,-2.004,-2.199,1.542,-1.014,1.363,-2.0,-3.0,-0.443,0.004,0.969,1.998,1.98,2.986,-0.914,1.0,-3.0,0.0,0.0,-1.0,1.018,1.986,0.995,-1.0,0.0,1.99,0.996,0.991,0.0,0.0,0.0,0.0,0.0,-1.0,0.0,0.0,-1.0,0.0,0.0,0.999,-1.0,0.0,0.0,0.998,-0.014,0.762,0.998,-0.013,-2.0,0.0,1.988,-0.004,4.965,-1.011,-0.004,-2.01,3.527,1.528,-1.017,-2.005,-0.539,1.994,-1.016,-0.897,0.976,2.389,-3.009,-1.991,-0.007,1.975,1.99,2.641,1.973,4.032,-0.017,-3.003,-3.001,-0.008,-4.003,2.488,-5.005,-2.471,1.984,2.745,-2.003,-0.008,2.982,0.997,0.0,0.0,0.0,0.0,0.0,0.0,0.0,0.0,0.0,0.0
BtcGF,BTCUSDc,80,5.2327,7.849,4,0.2598,60.29,371,33.6927,1,15,0,0.015,1.5,1.75,0.0,0.5,16385,1,3.117,0,0,1,10,0.7,4,-5.973,13.822,5.219,3.465,-1.274,4.359,-2.0,1.492,-0.514,-3.0,1.745,1.457,-3.0,-2.256,-0.257,-3.0,1.743,1.479,1.494,-1.257,-0.511,-3.264,2.825,-1.252,1.963,-2.261,0.005,-1.258,-0.25,-3.251,-0.084,-1.25,-3.0,1.341,0.088,-1.256,-4.0,3.476,-2.0,-1.275,-2.0,-3.0,1.058,-2.0,-1.0,-2.0,7.643,5.974,-3.0,2.498,-3.0,0.0,0.0,-1.0,2.699,3.474,-1.0,-1.0,0.0,-1.0,1.744,-1.0,0.0,0.0,0.0,0.0,0.0,-1.0,0.0,0.0,-1.0,0.0,0.0,1.749,-1.0,0.0,0.0,-1.0,-2.0,-2.0,1.747,-1.0,-2.0,0.736,3.935,0.743,1.468,-1.76,2.244,0.697,5.268,-1.273,-1.269,-1.049,-2.259,-0.253,-3.0,-4.0,2.469,7.734,-0.266,0.931,1.487,4.208,1.821,-5.0,1.303,7.612,-1.262,-0.512,-1.252,1.486,-3.254,-1.28,-6.0,-3.0,8.93,-2.0,-3.0,0.737,5.968,2.494,0.0,0.0,0.0,0.0,0.0,0.0,0.0,0.0,0.0,0.0
BtcGF,BTCUSDc,79,8.4995,16.999,3,0.6157,22.93,387,38.5013,1,15,0,0.015,2.0,1.5,0.0,0.5,16385,1,13.101,0,0,1,10,0.7,3,-8.207,25.206,4.472,2.97,-1.52,3.393,-2.0,0.993,2.976,-3.0,1.496,0.961,-0.508,-2.505,-0.506,-3.0,0.478,0.982,0.995,0.989,-1.009,-1.028,1.464,-1.501,0.109,-2.51,-0.336,-1.507,-0.5,-3.5,-0.646,-1.5,-0.505,2.05,-0.404,-1.505,-4.0,4.762,-2.0,-0.024,-2.0,-3.0,0.558,-2.0,-1.0,-2.0,4.905,4.978,-3.0,2.0,-3.0,0.0,0.0,-1.0,2.304,2.978,-1.0,-1.0,0.0,-1.0,1.494,-1.0,0.0,0.0,0.0,0.0,0.0,-1.0,0.0,0.0,-1.0,0.0,0.0,1.499,-1.0,0.0,0.0,1.498,-2.0,4.011,1.498,1.501,-2.0,0.5,3.338,0.494,4.959,-1.397,1.494,-0.319,6.549,3.56,-1.516,-1.744,-2.508,-0.503,-3.0,0.258,1.971,5.292,-0.513,-0.18,0.989,3.465,0.858,-2.507,4.655,5.867,-1.018,-2.504,-2.502,0.988,-3.504,-2.527,-6.0,0.551,3.3,-2.0,-0.102,0.488,4.972,1.995,0.0,0.0,0.0,0.0,0.0,0.0,0.0,0.0,0.0,0.0
BtcGF,BTCUSDc,38,15.831,31.662,3,1.9785,9.66,419,50.8353,1,15,0,0.015,1.5,1.0,0.0,0.5,16385,1,28.605,0,0,1,10,0.5,3,7.21,24.452,2.982,2.979,-1.019,2.286,-0.185,2.985,1.977,-0.029,0.997,-0.013,-1.005,-1.005,-1.004,-1.004,-0.01,1.988,2.088,-0.007,-2.006,-2.018,-0.023,-0.001,1.119,-3.006,2.969,-0.013,0.999,-4.0,-0.777,0.0,0.995,1.98,3.116,-2.004,-1.448,-1.009,-1.014,2.362,-2.0,-3.0,0.008,-3.0,0.969,-0.003,1.98,2.986,-2.001,1.0,-3.0,0.0,-1.0,0.0,2.068,1.986,0.995,-1.0,0.0,1.99,0.996,0.991,0.0,0.0,0.0,0.0,0.0,-1.0,0.0,0.0,-1.0,0.0,0.0,0.999,-1.0,0.0,0.0,0.998,-0.014,1.4,0.998,-0.013,-2.0,0.0,1.988,-0.004,4.965,-1.011,-0.004,-2.01,2.979,1.954,-1.017,-2.005,-0.206,1.994,-1.016,1.134,0.976,2.76,1.687,-0.938,-0.007,1.975,1.99,3.318,1.973,5.012,-0.017,-3.003,-3.001,-0.008,-4.003,3.034,-5.005,-0.849,2.872,3.632,-2.003,-0.008,2.982,0.997,0.0,0.0,0.0,0.0,0.0,0.0,0.0,0.0,0.0,0.0
BtcGF,BTCUSDc,41,24.8553,37.283,4,1.7705,11.13,407,44.9631,1,15,0,0.015,2.0,1.25,0.0,0.5,16385,1,33.134,0,0,1,10,0.5,4,1.125,36.158,3.727,3.723,-0.523,2.917,-2.0,1.735,1.98,-3.0,1.247,0.483,-0.757,-0.507,-0.755,-0.755,-0.757,2.735,2.804,0.491,-1.507,-1.523,0.721,0.499,0.01,-2.758,0.483,0.483,-0.75,-3.75,0.033,-1.75,-0.754,3.265,1.959,-1.754,-0.639,-0.511,-2.0,-1.52,-2.0,-3.0,0.705,-3.0,1.461,-1.754,2.857,3.982,-1.751,1.5,-3.0,0.0,-1.0,0.0,2.618,2.482,-1.0,-1.0,0.0,0.24,1.245,1.239,0.0,0.0,0.0,0.0,0.0,-1.0,0.0,0.0,-1.0,0.0,0.0,1.249,-1.0,0.0,0.0,1.248,-2.0,2.625,1.248,0.233,-2.0,0.25,2.484,0.245,6.206,0.038,0.745,-1.538,5.756,3.179,-0.521,-2.438,-2.757,2.743,-0.77,1.076,1.474,4.53,2.78,-1.225,0.491,2.721,2.409,-0.507,4.259,4.923,0.73,-2.753,-2.752,0.49,-3.754,-0.525,-3.756,0.047,2.84,2.848,0.149,0.24,3.978,1.496,0.0,0.0,0.0,0.0,0.0,0.0,0.0,0.0,0.0,0.0
BtcGF,BTCUSDc,101,15.092,22.638,4,1.1366,12.7,396,45.202,1,15,0,0.015,2.0,1.25,0.0,0.5,16385,1,19.762,0,0,1,20,0.7,4,7.622,15.016,3.727,3.723,-1.767,2.039,-1.0,1.735,1.98,-3.0,1.247,0.483,-0.757,-0.507,-0.755,-0.755,0.243,0.486,3.345,0.491,-2.753,-1.523,0.721,0.499,0.457,-2.758,0.483,0.483,-0.75,-3.75,-0.26,-1.75,-0.754,3.789,1.609,-1.754,-1.661,1.217,-2.0,-0.52,-2.0,-3.0,0.057,-2.0,1.461,2.498,3.588,3.982,-0.631,1.5,-3.0,0.0,0.0,-1.0,1.273,2.482,-1.0,-1.0,0.0,3.184,1.245,1.239,0.0,0.0,0.0,0.0,0.0,-1.0,0.0,0.0,-1.0,0.0,0.0,1.249,-1.0,0.0,0.0,1.248,-2.0,1.656,1.248,0.233,-2.0,0.25,2.484,0.245,6.206,-0.171,0.745,-0.724,5.169,2.545,-0.521,-2.471,-2.757,2.743,-0.77,-0.924,1.474,3.823,-2.761,-2.735,0.491,2.721,1.712,1.746,2.982,-0.434,0.73,-2.753,-2.752,0.49,-3.754,-0.525,-3.756,-2.023,1.325,2.503,-1.124,0.24,3.978,1.496,0.0,0.0,0.0,0.0,0.0,0.0,0.0,0.0,0.0,0.0
BtcGF,BTCUSDc,40,24.8447,37.267,4,1.7697,11.09,407,44.9631,1,15,0,0.015,1.5,1.25,0.0,0.5,16385,1,33.134,0,0,1,10,0.5,4,1.125,36.142,3.727,3.723,-0.523,2.917,-2.0,1.735,1.98,-3.0,1.247,0.483,-0.757,-0.507,-0.755,-0.755,-0.757,2.735,2.804,0.491,-1.507,-1.523,0.721,0.499,0.01,-2.758,0.483,0.483,-0.75,-3.75,0.033,-1.75,-0.754,3.265,1.959,-1.754,-0.639,-0.511,-2.0,-1.52,-2.0,-3.0,0.705,-3.0,1.461,-1.754,2.857,3.982,-1.751,1.5,-3.0,0.0,-1.0,0.0,2.618,2.482,-1.0,-1.0,0.0,0.24,1.245,1.239,0.0,0.0,0.0,0.0,0.0,-1.0,0.0,0.0,-1.0,0.0,0.0,1.249,-1.0,0.0,0.0,1.248,-2.0,2.625,1.248,0.233,-2.0,0.25,2.484,0.245,6.206,0.038,0.745,-1.538,5.756,3.179,-0.521,-2.438,-2.757,2.743,-0.77,1.076,1.474,4.53,2.78,-1.225,0.491,2.721,2.409,-0.507,4.259,4.923,0.73,-2.753,-2.752,0.49,-3.754,-0.525,-3.756,0.047,2.84,2.848,0.133,0.24,3.978,1.496,0.0,0.0,0.0,0.0,0.0,0.0,0.0,0.0,0.0,0.0
BtcGF,BTCUSDc,102,13.494,20.241,4,0.9524,18.66,379,39.5778,1,15,0,0.015,1.5,1.5,0.0,0.5,16385,1,16.465,0,0,1,20,0.7,3,1.368,18.873,4.472,2.97,-1.52,2.749,-1.0,0.993,2.976,-3.0,1.496,0.961,-0.508,-2.505,-0.506,-3.0,0.478,0.983,0.995,0.989,-2.504,-1.028,1.464,-1.501,0.109,-2.51,-1.501,1.216,-0.5,-3.5,-1.002,-1.5,-0.505,2.952,0.974,0.982,-4.0,6.642,-2.0,-0.024,-2.0,-3.0,0.558,-2.0,-1.0,-2.0,4.89,4.978,-0.345,2.0,-3.0,0.0,0.0,-1.0,1.528,2.978,-1.0,-1.0,0.0,-1.0,1.494,-0.999,0.0,0.0,0.0,0.0,0.0,-1.0,0.0,0.0,-1.0,0.0,0.0,1.499,-1.0,0.0,0.0,1.498,-2.0,4.011,1.498,1.501,-2.0,0.5,3.132,0.494,4.959,-2.492,1.494,0.048,6.731,3.56,-1.516,-1.874,-2.508,-0.503,-2.0,-0.395,1.971,5.241,-2.513,-2.481,0.989,3.465,-0.033,0.0,3.979,0.09,1.484,-2.504,-2.502,0.988,-3.504,-2.527,-2.0,-0.609,2.535,-2.0,-0.289,0.488,4.972,1.995,0.0,0.0,0.0,0.0,0.0,0.0,0.0,0.0,0.0,0.0
BtcGF,BTCUSDc,76,12.45,24.9,3,1.1672,10.96,399,45.1128,1,15,0,0.015,1.5,1.25,0.0,0.5,16385,1,22.171,0,0,1,10,0.7,3,-2.497,27.397,3.727,3.723,-1.767,2.039,-2.0,1.735,1.98,-3.0,1.247,0.483,-0.757,-0.507,-0.755,-0.755,0.243,0.485,2.804,0.491,-1.507,-1.523,0.721,0.499,0.01,-2.758,0.483,0.483,-0.75,-3.75,0.033,-1.75,-0.754,3.265,1.353,-1.754,-1.661,-0.511,-2.0,-0.52,-2.0,-3.0,0.057,-2.0,1.461,0.246,3.6,3.982,-3.0,1.5,-3.0,0.0,0.0,-1.0,1.91,2.482,-1.0,-1.0,0.0,3.184,1.245,1.239,0.0,0.0,0.0,0.0,0.0,-1.0,0.0,0.0,-1.0,0.0,0.0,1.249,-1.0,0.0,0.0,1.248,-2.0,1.656,1.248,0.233,-2.0,0.25,2.484,0.245,6.206,-0.171,0.745,-1.538,5.067,2.545,-0.521,-2.438,-2.757,2.743,-0.77,-0.37,1.474,3.866,1.66,-1.895,0.491,2.721,2.142,-0.508,3.542,4.121,0.73,-2.753,-2.752,0.49,-3.753,-0.525,-3.756,-1.922,1.951,2.848,-1.271,0.24,3.978,1.496,0.0,0.0,0.0,0.0,0.0,0.0,0.0,0.0,0.0,0.0
BtcGF,BTCUSDc,24,-2.9453,-4.418,4,-0.2353,0.0,439,55.5809,1,15,0,0.015,1.5,0.75,0.0,0.5,16385,1,-7.447,0,0,1,20,0.3,2,1.797,-6.215,2.237,2.234,2.719,0.0,-1.256,1.989,0.733,-0.521,0.748,1.234,-1.254,-1.504,-1.253,-1.253,-0.508,1.241,1.994,-1.252,-0.759,-2.514,-0.767,1.246,-0.012,-3.255,1.977,1.241,0.499,-4.25,-1.757,1.247,0.496,0.72,-1.502,-2.253,-0.222,2.687,-1.261,0.242,-2.0,-1.256,-2.27,-0.249,0.477,1.981,0.492,1.99,-0.514,0.5,0.488,0.0,1.066,0.0,-0.257,1.489,0.746,-1.0,0.0,1.493,0.747,0.743,0.0,0.0,0.0,0.0,0.0,-1.0,0.0,0.0,-1.0,0.0,0.0,0.75,-1.0,0.0,0.0,0.749,-0.256,0.242,0.749,-0.26,-2.0,-0.25,1.49,-0.253,3.723,-1.509,-0.009,-2.507,2.656,5.473,-1.512,-2.754,0.242,1.246,-1.771,-0.755,1.201,-0.763,-3.257,-3.501,-0.506,1.232,-0.008,3.56,0.233,2.737,-0.766,-1.507,-0.752,1.236,-5.252,0.232,-2.755,-2.509,0.728,0.246,-0.503,-0.256,2.734,0.497,0.0,0.0,0.0,0.0,0.0,0.0,0.0,0.0,0.0,0.0
BtcGF,BTCUSDc,21,18.614,27.921,4,1.6612,64.87,386,33.4197,1,15,0,0.015,2.0,1.75,0.0,0.5,16385,1,9.81,8,0,1,15,0.3,2,11.83,16.091,5.219,3.465,0.467,-1.0,-1.0,1.493,0.486,-3.0,1.745,1.457,-3.0,-2.256,-0.257,-3.0,-0.553,4.229,1.494,-0.257,-0.511,-3.264,5.705,-1.252,5.35,-2.261,-1.251,-1.258,-0.25,-3.251,0.271,-1.25,-3.0,2.348,0.797,-1.256,-4.0,16.855,-2.0,-2.275,-2.0,-3.0,4.489,-2.0,-1.0,-4.0,2.308,5.974,-1.251,2.498,-3.0,0.0,-1.0,0.0,3.615,3.474,-1.0,-1.0,0.0,-1.0,1.744,-1.0,0.0,0.0,0.0,0.0,0.0,-1.0,0.0,0.0,-1.0,0.0,0.0,1.749,-1.0,0.0,0.0,-1.0,-2.0,-0.257,1.747,-2.0,-2.0,0.736,3.724,0.743,2.468,-2.237,2.244,3.212,8.56,0.46,-1.269,-0.538,-2.259,1.496,-4.0,-5.0,2.469,11.522,-2.266,-2.226,1.487,4.208,2.237,-5.0,0.511,2.235,1.724,-0.512,0.496,1.486,-4.255,-1.28,-6.0,-4.0,6.73,-3.0,-2.253,0.737,5.968,2.494,0.0,0.0,0.0,0.0,0.0,0.0,0.0,0.0,0.0,0.0
BtcGF,BTCUSDc,30,5.4447,8.167,4,0.3253,105.07,390,37.4359,1,15,0,0.015,1.5,1.5,0.0,0.5,16385,1,-0.414,6,0,1,20,0.3,3,-7.358,15.525,4.472,2.97,-1.52,-1.0,-1.0,0.993,2.976,-3.0,1.496,0.961,-0.508,-2.505,-0.506,-3.0,-1.522,3.482,0.995,0.989,-2.504,-1.028,1.464,-1.501,0.416,-2.51,-1.501,1.216,-0.5,-3.5,-1.002,-1.5,-0.505,-0.522,-4.0,0.982,-4.0,9.567,-2.0,-0.024,-2.0,-3.0,3.422,-2.0,-1.0,-4.0,3.766,4.978,-0.345,2.0,-3.0,0.0,-1.0,0.0,1.528,2.978,-1.0,-1.0,0.0,-1.0,1.494,-0.999,0.0,0.0,0.0,0.0,0.0,-1.0,0.0,0.0,-1.0,0.0,0.0,1.499,-1.0,0.0,0.0,1.498,-2.0,-0.506,1.498,3.012,-2.0,0.5,3.132,0.494,4.959,-2.492,1.494,2.877,9.534,6.37,-1.516,-1.874,-2.508,-0.503,-3.0,-4.0,1.971,7.721,-2.513,-2.481,0.989,3.465,-0.033,0.0,3.979,0.09,1.484,-2.504,-1.004,0.988,-4.504,-2.527,-2.0,-5.0,2.983,-1.503,-4.0,0.488,4.972,1.995,0.0,0.0,0.0,0.0,0.0,0.0,0.0,0.0,0.0,0.0
BtcGF,BTCUSDc,68,6.487,12.974,3,0.7535,49.41,364,34.8901,1,15,0,0.015,1.5,1.75,0.0,0.5,16385,1,6.564,1,0,1,20,0.5,3,8.526,4.448,5.219,3.465,-1.274,4.493,-1.0,1.492,0.486,-3.0,1.745,1.457,0.185,-2.256,-0.257,-3.0,-0.106,4.229,1.494,-0.257,-2.255,-3.264,3.688,-1.252,2.366,-2.261,-1.251,1.784,-0.25,-3.251,-0.503,-1.25,-3.0,3.522,2.488,1.491,-4.0,5.154,-2.0,-1.275,-2.0,-3.0,2.1,-2.0,-1.0,-3.999,1.96,5.974,-0.061,2.498,-3.0,0.0,-1.0,0.0,1.784,3.474,-1.0,-1.0,0.0,-1.0,1.744,-0.999,0.0,0.0,0.0,0.0,0.0,-1.0,0.0,0.0,-1.0,0.0,0.0,1.749,-1.0,0.0,0.0,-1.0,-2.0,-0.256,1.747,-2.0,-1.0,0.736,3.671,0.743,3.653,-2.237,2.244,1.87,2.224,0.46,-1.269,-1.277,-2.259,-0.253,-2.0,-4.0,2.469,8.685,-2.266,-2.226,1.487,4.208,0.468,-2.24,-1.257,0.613,1.492,-0.512,0.496,1.486,-3.255,-1.28,-2.0,-4.0,3.59,-2.0,-4.0,0.737,5.968,2.494,0.0,0.0,0.0,0.0,0.0,0.0,0.0,0.0,0.0,0.0
BtcGF,BTCUSDc,22,25.716,38.574,4,1.6091,58.25,376,31.383,1,15,0,0.015,1.5,2.0,0.0,0.5,16385,1,16.103,5,0,1,15,0.3,3,26.776,11.798,5.964,3.952,0.963,-1.0,-1.0,2.159,0.985,-3.0,1.994,1.954,-3.0,-2.007,-0.008,-3.0,0.085,7.984,1.993,-0.008,-0.013,-3.016,-1.022,-1.002,11.016,-2.013,-1.002,-1.009,-0.001,-3.001,1.887,-1.0,-3.0,2.447,1.398,-1.007,-4.0,22.465,-2.0,-2.028,-2.0,-3.0,5.609,-2.0,-1.0,-4.0,3.121,3.977,-1.002,2.998,-3.0,0.0,-1.0,0.0,-1.0,3.971,-1.0,-1.0,0.0,-1.0,1.993,-1.0,0.0,0.0,0.0,0.0,0.0,-1.0,0.0,0.0,-1.0,0.0,0.0,1.999,-1.0,0.0,0.0,-1.0,-2.0,-0.008,1.997,-2.0,-2.0,0.992,4.274,0.992,-0.013,-1.984,2.991,5.772,-0.008,0.979,-1.022,-1.8,-2.011,1.996,-4.0,-5.0,2.966,13.963,-2.018,-1.971,1.986,4.953,3.341,-5.0,1.013,4.102,2.323,-2.005,-2.003,1.984,-4.006,-1.033,-6.0,-4.0,-0.891,-3.0,-2.004,-1.015,8.973,2.994,0.0,0.0,0.0,0.0,0.0,0.0,0.0,0.0,0.0,0.0
BtcGF,BTCUSDc,88,11.9795,23.959,3,1.1893,10.98,398,44.9749,1,15,0,0.015,1.5,1.25,0.0,0.5,16385,1,21.329,0,0,1,15,0.7,3,2.177,21.782,3.727,3.723,-1.767,2.039,-1.0,1.735,1.98,-3.0,1.247,0.483,-0.757,-0.507,-0.755,-0.755,0.243,0.485,3.345,0.491,-1.507,-1.523,0.721,0.499,0.457,-2.758,0.483,0.483,-0.75,-3.75,0.281,-1.75,-0.754,3.677,1.435,-1.754,-1.661,-0.511,-2.0,-0.52,-2.0,-3.0,0.057,-2.0,1.461,0.246,3.6,3.982,-3.0,1.5,-3.0,0.0,0.0,-1.0,1.91,2.482,-1.0,-1.0,0.0,3.184,1.245,1.239,0.0,0.0,0.0,0.0,0.0,-1.0,0.0,0.0,-1.0,0.0,0.0,1.249,-1.0,0.0,0.0,1.248,-2.0,1.656,1.248,0.233,-2.0,0.25,2.484,0.245,6.206,-0.171,0.745,-0.724,5.203,2.545,-0.521,-2.366,-2.757,2.743,-0.77,-0.37,1.474,3.866,1.66,-2.735,0.491,2.721,2.142,-0.508,2.982,0.734,0.73,-2.753,-2.752,0.49,-3.754,-0.525,-3.756,-1.911,1.951,3.107,-1.446,0.24,3.978,1.496,0.0,0.0,0.0,0.0,0.0,0.0,0.0,0.0,0.0,0.0
BtcGF,BTCUSDc,43,20.358,30.537,4,1.1977,19.83,394,38.0711,1,15,0,0.015,2.0,1.5,0.0,0.5,16385,1,24.482,4,0,1,10,0.5,3,-0.789,31.326,4.472,2.97,-0.028,5.429,-2.0,0.993,2.976,-3.0,1.496,0.961,-0.508,-2.505,-0.506,-3.0,-0.522,3.482,0.995,0.989,-1.009,-1.028,1.464,-1.501,0.893,-2.51,-0.336,-1.507,-0.5,-3.5,-0.646,-1.5,-0.505,2.05,0.298,-1.505,-4.0,7.041,-2.0,-1.024,-2.0,-3.0,1.403,-3.0,-1.0,-3.999,3.816,4.978,-1.501,2.0,-3.0,0.0,-1.0,0.0,3.167,2.978,-1.0,-1.0,0.0,-1.0,1.494,-1.0,0.0,0.0,0.0,0.0,0.0,-1.0,0.0,0.0,-1.0,0.0,0.0,1.499,-1.0,0.0,0.0,1.498,-2.0,-0.505,1.498,2.144,-2.0,0.5,3.338,0.494,4.959,-0.671,1.494,-3.512,7.431,4.404,-1.516,-1.744,-2.508,-0.503,-3.0,2.094,1.971,6.285,-0.513,1.221,0.989,3.465,1.412,-2.506,5.52,7.093,-1.018,-2.504,-2.502,0.988,-3.504,-2.527,-6.0,1.645,4.597,-2.0,1.871,0.488,4.972,1.995,0.0,0.0,0.0,0.0,0.0,0.0,0.0,0.0,0.0,0.0
BtcGF,BTCUSDc,84,-1.0037,-3.011,2,-0.1581,0.0,437,56.2929,1,15,0,0.015,1.5,0.75,0.0,0.5,16385,1,-4.297,0,0,1,15,0.7,2,2.583,-5.594,2.237,2.234,2.719,0.0,-1.256,1.989,0.733,-0.521,0.748,1.234,-1.254,-1.504,-1.253,-1.253,-0.508,1.241,1.994,-1.252,-0.759,-2.514,-0.767,1.246,-0.012,-3.255,1.977,1.241,0.499,-4.25,-1.449,1.247,0.496,0.72,0.608,-2.253,-1.99,1.376,-1.261,0.559,-2.0,-1.256,-2.27,-0.171,0.477,1.981,0.492,1.99,-0.514,0.5,0.488,0.0,1.118,0.0,-0.257,1.489,0.746,-1.0,0.0,1.493,0.747,0.743,0.0,0.0,0.0,0.0,0.0,-1.0,0.0,0.0,-1.0,0.0,0.0,0.75,-1.0,0.0,0.0,0.749,-0.256,0.242,0.749,-0.26,-2.0,-0.25,1.49,-0.253,3.723,-1.509,-0.009,-2.507,1.774,4.752,-1.512,-0.468,0.242,1.246,-1.771,-1.139,1.201,-0.763,-2.514,-3.501,-0.506,1.232,-0.008,2.417,0.233,2.737,-0.766,-1.507,-0.752,1.236,-4.252,0.232,-2.756,-3.255,0.728,1.715,-0.503,-0.256,2.734,0.497,0.0,0.0,0.0,0.0,0.0,0.0,0.0,0.0,0.0,0.0
BtcGF,BTCUSDc,33,4.302,6.453,4,0.319,163.35,372,33.6022,1,15,0,0.015,2.0,1.75,0.0,0.5,16385,1,-4.088,6,0,1,20,0.3,2,-2.827,9.28,5.219,3.465,-1.274,-1.0,-1.0,1.493,0.486,-3.0,1.745,1.457,0.185,-2.256,-0.257,-3.0,-1.106,4.229,1.494,-0.257,-2.255,-3.264,5.705,-1.252,2.366,-2.261,-1.251,1.805,-0.25,-3.251,-0.503,-1.25,-3.0,-1.518,-4.0,1.499,-4.0,9.285,-2.0,-1.275,-2.0,-3.0,4.591,-2.0,-1.0,-4.0,1.96,5.974,-0.061,2.498,-3.0,0.0,-1.0,0.0,1.784,3.474,-1.0,-1.0,0.0,-1.0,1.744,-0.999,0.0,0.0,0.0,0.0,0.0,-1.0,0.0,0.0,-1.0,0.0,0.0,1.749,-1.0,0.0,0.0,-1.0,-2.0,-0.257,1.747,-2.0,-2.0,0.736,3.671,0.743,3.653,-2.237,2.244,4.336,2.224,0.46,-1.269,-1.277,-2.259,-0.253,-3.0,-4.0,2.469,11.071,-2.266,-2.226,1.487,4.208,0.468,-2.24,-1.257,0.613,1.492,-0.512,0.496,1.486,-4.255,-1.28,-2.0,-5.0,4.824,-3.0,-2.253,0.737,5.968,2.494,0.0,0.0,0.0,0.0,0.0,0.0,0.0,0.0,0.0,0.0
BtcGF,BTCUSDc,100,14.986,22.479,4,1.128,12.14,396,45.202,1,15,0,0.015,1.5,1.25,0.0,0.5,16385,1,19.75,0,0,1,20,0.7,4,7.611,14.868,3.727,3.723,-1.767,2.039,-1.0,1.735,1.98,-3.0,1.247,0.483,-0.757,-0.507,-0.755,-0.755,0.243,0.486,3.345,0.491,-2.753,-1.523,0.721,0.499,0.457,-2.758,0.483,0.483,-0.75,-3.75,-0.26,-1.75,-0.754,3.789,1.609,-1.754,-1.661,1.206,-2.0,-0.52,-2.0,-3.0,0.057,-2.0,1.461,2.498,3.588,3.982,-0.631,1.5,-3.0,0.0,0.0,-1.0,1.273,2.482,-1.0,-1.0,0.0,3.184,1.245,1.239,0.0,0.0,0.0,0.0,0.0,-1.0,0.0,0.0,-1.0,0.0,0.0,1.249,-1.0,0.0,0.0,1.248,-2.0,1.656,1.248,0.233,-2.0,0.25,2.484,0.245,6.206,-0.171,0.745,-0.724,5.169,2.545,-0.521,-2.471,-2.757,2.743,-0.77,-0.924,1.474,3.823,-2.761,-2.735,0.491,2.721,1.712,1.746,2.982,-0.434,0.73,-2.753,-2.752,0.49,-3.754,-0.525,-3.756,-2.024,1.325,2.503,-1.271,0.24,3.978,1.496,0.0,0.0,0.0,0.0,0.0,0.0,0.0,0.0,0.0,0.0
BtcGF,BTCUSDc,32,4.2793,6.419,4,0.3168,164.22,372,33.6022,1,15,0,0.015,1.5,1.75,0.0,0.5,16385,1,-4.122,6,0,1,20,0.3,2,-2.857,9.276,5.219,3.465,-1.274,-1.0,-1.0,1.492,0.486,-3.0,1.745,1.457,0.185,-2.256,-0.257,-3.0,-1.106,4.229,1.494,-0.257,-2.255,-3.264,5.705,-1.252,2.366,-2.261,-1.251,1.784,-0.25,-3.251,-0.503,-1.25,-3.0,-1.518,-4.0,1.491,-4.0,9.285,-2.0,-1.275,-2.0,-3.0,4.591,-2.0,-1.0,-4.0,1.96,5.974,-0.061,2.498,-3.0,0.0,-1.0,0.0,1.784,3.474,-1.0,-1.0,0.0,-1.0,1.744,-0.999,0.0,0.0,0.0,0.0,0.0,-1.0,0.0,0.0,-1.0,0.0,0.0,1.749,-1.0,0.0,0.0,-1.0,-2.0,-0.257,1.747,-2.0,-2.0,0.736,3.671,0.743,3.653,-2.237,2.244,4.332,2.224,0.46,-1.269,-1.277,-2.259,-0.253,-3.0,-4.0,2.469,11.071,-2.266,-2.226,1.487,4.208,0.468,-2.24,-1.257,0.613,1.492,-0.512,0.496,1.486,-4.255,-1.28,-2.0,-5.0,4.824,-3.0,-2.253,0.737,5.968,2.494,0.0,0.0,0.0,0.0,0.0,0.0,0.0,0.0,0.0,0.0
BtcGF,BTCUSDc,35,26.7907,40.186,4,1.9201,31.12,363,32.7824,1,15,0,0.015,2.0,2.0,0.0,0.5,16385,1,27.682,6,0,1,20,0.3,3,19.932,20.254,5.964,3.952,-1.027,-1.0,-1.0,2.192,0.985,-3.0,1.994,1.954,0.608,-2.007,-0.008,-3.0,-0.768,8.7,1.993,-0.008,-2.006,-3.016,-1.022,-1.002,4.561,-2.013,-1.002,2.38,-0.001,-3.001,0.997,-1.0,-3.0,3.369,-4.0,2.009,-4.0,12.498,-2.0,-1.028,-2.0,-3.0,5.73,-2.0,-1.0,-4.0,2.64,3.977,0.224,2.998,-3.0,0.0,-1.0,0.0,5.145,3.971,-1.0,-1.0,0.0,-1.0,1.993,-0.999,0.0,0.0,0.0,0.0,0.0,-1.0,0.0,0.0,-1.0,0.0,0.0,1.999,-1.0,0.0,0.0,-1.0,-2.0,-0.008,1.997,-2.0,-2.0,1.049,4.21,0.992,4.227,-1.984,2.991,8.442,2.971,0.979,-1.022,-3.68,-2.011,-0.003,-3.0,-4.0,2.966,13.423,-2.018,-1.971,1.986,4.953,0.969,0.765,-1.008,1.136,1.999,-2.005,0.002,1.984,-4.006,-1.033,-2.0,-5.0,-1.979,-3.0,-2.004,-1.015,8.973,2.994,0.0,0.0,0.0,0.0,0.0,0.0,0.0,0.0,0.0,0.0
BtcGF,BTCUSDc,45,18.5817,22.298,5,0.7568,34.69,381,33.5958,1,15,0,0.015,2.0,1.75,0.0,0.5,16385,1,14.562,4,0,1,10,0.5,4,2.211,20.087,5.219,3.465,0.467,7.151,-2.0,1.492,-0.514,-3.0,1.745,1.457,-3.0,-2.256,-0.257,-3.0,-3.0,4.229,1.494,-1.257,-0.511,-3.264,3.688,-1.252,2.995,-2.261,0.005,-1.258,-0.25,-3.251,-0.084,-1.25,-3.0,1.341,0.887,-1.256,-4.0,6.48,-2.0,-2.275,-2.0,-3.0,2.1,-3.0,-1.0,-3.999,5.78,5.974,-1.251,2.498,-3.0,0.0,-1.0,0.0,3.716,3.474,-1.0,-1.0,0.0,-1.0,1.744,-1.0,0.0,0.0,0.0,0.0,0.0,-1.0,0.0,0.0,-1.0,0.0,0.0,1.749,-1.0,0.0,0.0,-1.0,-2.0,-0.256,1.747,-2.0,-1.0,0.736,3.935,0.743,1.468,-0.78,2.244,-3.264,6.344,0.46,-1.269,-1.049,-2.259,-0.253,-3.0,-4.0,2.469,9.056,-0.266,2.616,1.487,4.208,2.662,-4.999,0.485,9.262,-1.262,-0.512,-1.252,1.486,-3.255,-1.28,-6.0,-3.0,11.943,-2.0,-4.0,0.737,5.968,2.494,0.0,0.0,0.0,0.0,0.0,0.0,0.0,0.0,0.0,0.0
BtcGF,BTCUSDc,42,20.2513,30.377,4,1.1914,19.93,394,38.0711,1,15,0,0.015,1.5,1.5,0.0,0.5,16385,1,24.322,4,0,1,10,0.5,3,-0.789,31.166,4.472,2.97,-0.028,5.429,-2.0,0.993,2.976,-3.0,1.496,0.961,-0.508,-2.505,-0.506,-3.0,-0.522,3.482,0.995,0.989,-1.009,-1.028,1.464,-1.501,0.893,-2.51,-0.336,-1.507,-0.5,-3.5,-0.646,-1.5,-0.505,2.05,0.298,-1.505,-4.0,7.041,-2.0,-1.024,-2.0,-3.0,1.403,-3.0,-1.0,-3.999,3.816,4.978,-1.501,2.0,-3.0,0.0,-1.0,0.0,3.167,2.978,-1.0,-1.0,0.0,-1.0,1.494,-1.0,0.0,0.0,0.0,0.0,0.0,-1.0,0.0,0.0,-1.0,0.0,0.0,1.499,-1.0,0.0,0.0,1.498,-2.0,-0.505,1.498,2.144,-2.0,0.5,3.338,0.494,4.959,-0.671,1.494,-3.512,7.431,4.404,-1.516,-1.744,-2.508,-0.503,-3.0,2.094,1.971,6.285,-0.513,1.221,0.989,3.465,1.412,-2.506,5.52,7.093,-1.018,-2.504,-2.502,0.988,-3.504,-2.527,-6.0,1.505,4.597,-2.0,1.851,0.488,4.972,1.995,0.0,0.0,0.0,0.0,0.0,0.0,0.0,0.0,0.0,0.0
BtcGF,BTCUSDc,67,18.0847,27.127,4,1.3788,19.37,384,39.3229,1,15,0,0.015,2.0,1.5,0.0,0.5,16385,1,21.872,2,0,1,20,0.5,3,1.327,25.8,4.472,2.97,-1.52,3.747,-1.0,0.994,2.976,-3.0,1.496,0.961,-0.508,-2.505,-0.506,-3.0,-0.522,3.482,0.995,0.989,-2.504,-1.028,1.464,-1.501,0.416,-2.51,-1.501,1.231,-0.5,-3.5,-1.002,-1.5,-0.505,3.587,1.751,0.989,-4.0,6.135,-2.0,-0.024,-2.0,-3.0,1.403,-2.0,-1.0,-4.0,3.766,4.978,-0.345,2.0,-3.0,0.0,-1.0,0.0,1.528,2.978,-1.0,-1.0,0.0,-1.0,1.494,-0.999,0.0,0.0,0.0,0.0,0.0,-1.0,0.0,0.0,-1.0,0.0,0.0,1.499,-1.0,0.0,0.0,1.498,-2.0,-0.505,1.498,2.144,-2.0,0.5,3.132,0.494,4.959,-2.492,1.494,0.898,7.564,4.404,-1.516,-1.874,-2.508,-0.503,-2.0,0.458,1.971,5.979,-2.513,-2.481,0.989,3.465,-0.033,0.0,3.979,0.09,1.484,-2.504,-1.004,0.988,-3.504,-2.527,-2.0,1.255,3.125,-2.0,0.947,0.488,4.972,1.995,0.0,0.0,0.0,0.0,0.0,0.0,0.0,0.0,0.0,0.0
BtcGF,BTCUSDc,34,26.754,40.131,4,1.9175,31.16,363,32.7824,1,15,0,0.015,1.5,2.0,0.0,0.5,16385,1,27.627,6,0,1,20,0.3,3,19.881,20.25,5.964,3.952,-1.027,-1.0,-1.0,2.191,0.985,-3.0,1.994,1.954,0.608,-2.007,-0.008,-3.0,-0.768,8.7,1.993,-0.008,-2.006,-3.016,-1.022,-1.002,4.561,-2.013,-1.002,2.352,-0.001,-3.001,0.997,-1.0,-3.0,3.358,-4.0,1.998,-4.0,12.498,-2.0,-1.028,-2.0,-3.0,5.73,-2.0,-1.0,-4.0,2.64,3.977,0.224,2.998,-3.0,0.0,-1.0,0.0,5.145,3.971,-1.0,-1.0,0.0,-1.0,1.993,-0.999,0.0,0.0,0.0,0.0,0.0,-1.0,0.0,0.0,-1.0,0.0,0.0,1.999,-1.0,0.0,0.0,-1.0,-2.0,-0.008,1.997,-2.0,-2.0,1.049,4.21,0.992,4.227,-1.984,2.991,8.438,2.971,0.979,-1.022,-3.68,-2.011,-0.003,-3.0,-4.0,2.966,13.423,-2.018,-1.971,1.986,4.953,0.969,0.765,-1.008,1.136,1.999,-2.005,0.002,1.984,-4.006,-1.033,-2.0,-5.0,-1.979,-3.0,-2.004,-1.015,8.973,2.994,0.0,0.0,0.0,0.0,0.0,0.0,0.0,0.0,0.0,0.0
BtcGF,BTCUSDc,44,18.4317,22.118,5,0.7507,34.98,381,33.5958,1,15,0,0.015,1.5,1.75,0.0,0.5,16385,1,14.382,4,0,1,10,0.5,4,2.211,19.907,5.219,3.465,0.467,7.151,-2.0,1.492,-0.514,-3.0,1.745,1.457,-3.0,-2.256,-0.257,-3.0,-3.0,4.229,1.494,-1.257,-0.511,-3.264,3.688,-1.252,2.995,-2.261,0.005,-1.258,-0.25,-3.251,-0.084,-1.25,-3.0,1.341,0.887,-1.256,-4.0,6.48,-2.0,-2.275,-2.0,-3.0,2.1,-3.0,-1.0,-3.999,5.78,5.974,-1.251,2.498,-3.0,0.0,-1.0,0.0,3.716,3.474,-1.0,-1.0,0.0,-1.0,1.744,-1.0,0.0,0.0,0.0,0.0,0.0,-1.0,0.0,0.0,-1.0,0.0,0.0,1.749,-1.0,0.0,0.0,-1.0,-2.0,-0.256,1.747,-2.0,-1.0,0.736,3.935,0.743,1.468,-0.78,2.244,-3.264,6.344,0.46,-1.269,-1.049,-2.259,-0.253,-3.0,-4.0,2.469,9.056,-0.266,2.616,1.487,4.208,2.662,-4.999,0.485,9.262,-1.262,-0.512,-1.252,1.486,-3.255,-1.28,-6.0,-3.0,11.762,-2.0,-3.999,0.737,5.968,2.494,0.0,0.0,0.0,0.0,0.0,0.0,0.0,0.0,0.0,0.0
BtcGF,BTCUSDc,46,17.814,26.721,4,1.3317,35.25,376,30.8511,1,15,0,0.015,1.5,2.0,0.0,0.5,16385,1,17.303,7,0,1,10,0.5,3,8.832,17.889,5.964,3.952,0.963,-1.0,-2.0,2.665,-0.015,-3.0,1.994,1.954,-3.0,-2.007,-0.008,-3.0,-3.0,4.983,1.993,-1.008,-0.013,-3.016,-1.022,-1.002,6.777,-2.013,0.334,-1.009,-0.001,-3.001,1.479,-1.0,-3.0,1.382,1.477,-1.007,-4.0,9.412,-2.0,-2.028,-2.0,-3.0,2.78,-3.0,-1.0,-3.999,2.752,3.977,-1.002,2.998,-3.0,0.0,-1.0,0.0,8.183,3.971,-1.0,-1.0,0.0,-1.0,1.993,-1.0,0.0,0.0,0.0,0.0,0.0,-1.0,0.0,0.0,-1.0,0.0,0.0,1.999,-1.0,0.0,0.0,-1.0,-2.0,-0.007,1.997,-2.0,-1.0,1.337,4.531,0.992,-1.013,0.11,2.991,-3.016,-0.008,0.979,-1.022,-7.0,-2.011,-0.003,-3.0,-4.0,2.966,10.827,-0.018,4.01,1.986,4.953,3.911,-4.999,0.983,13.193,-0.908,-0.014,-4.0,1.984,-3.006,-1.033,-6.0,-3.0,7.245,-2.0,-3.999,-1.015,8.973,2.994,0.0,0.0,0.0,0.0,0.0,0.0,0.0,0.0,0.0,0.0
BtcGF,BTCUSDc,50,21.0507,31.576,4,2.1045,9.61,419,51.074,1,15,0,0.015,1.5,1.0,0.0,0.5,16385,1,28.54,0,0,1,15,0.5,3,7.332,24.244,2.982,2.979,-1.019,2.286,-0.631,2.985,1.977,-0.029,0.997,-0.013,-1.005,-1.005,-1.004,-1.004,-0.01,1.988,-0.003,-0.007,-2.006,-2.018,-0.023,-0.001,1.585,-3.006,2.969,-0.013,0.999,-4.0,-0.583,0.0,0.995,2.096,2.992,-2.004,-1.448,-1.009,-1.014,2.314,-2.0,-3.0,0.008,0.11,0.969,-0.003,1.98,2.986,-2.001,1.0,-3.0,0.0,-1.0,0.0,2.013,1.986,0.995,-1.0,0.0,1.99,0.996,0.991,0.0,0.0,0.0,0.0,0.0,-1.0,0.0,0.0,-1.0,0.0,0.0,0.999,-1.0,0.0,0.0,0.998,-0.014,1.4,0.998,-0.013,-2.0,0.0,1.988,-0.004,4.965,-1.011,-0.004,-2.01,3.069,1.954,-1.017,-2.005,-0.206,1.994,-1.016,1.113,0.976,2.739,1.687,-1.991,-0.007,1.975,1.99,3.248,1.973,3.981,-0.017,-3.003,-2.002,-0.008,-4.003,3.034,-5.005,-0.73,2.49,3.794,-2.003,-0.008,2.982,0.997,0.0,0.0,0.0,0.0,0.0,0.0,0.0,0.0,0.0,0.0
BtcGF,BTCUSDc,70,24.0913,36.137,4,1.8137,21.23,354,33.6158,1,15,0,0.015,1.5,2.0,0.0,0.5,16385,1,28.464,4,0,1,20,0.5,4,20.217,15.92,5.964,3.952,-1.027,-1.0,-1.0,2.191,0.985,-3.0,1.994,1.954,0.608,-2.007,-0.008,-3.0,0.232,8.145,1.993,-0.008,-2.006,-3.016,-1.022,-1.002,4.561,-2.013,-1.002,2.352,-0.001,-3.001,0.997,-1.0,-3.0,3.028,3.225,1.998,-4.0,7.667,-2.0,-1.028,-2.0,-3.0,2.78,-2.0,-1.0,-3.999,2.64,3.977,0.224,2.998,-3.0,0.0,-1.0,0.0,4.921,3.971,-1.0,-1.0,0.0,-1.0,1.993,-0.999,0.0,0.0,0.0,0.0,0.0,-1.0,0.0,0.0,-1.0,0.0,0.0,1.999,-1.0,0.0,0.0,-1.0,-2.0,-0.007,1.997,-2.0,-1.0,1.049,4.21,0.992,4.227,-1.984,2.991,5.133,2.971,0.979,-1.022,-3.68,-2.011,-0.003,-2.0,-4.0,2.966,10.393,-2.018,-1.971,1.986,4.953,0.969,0.765,-1.008,1.136,1.999,-2.005,0.002,1.984,-3.006,-1.033,-2.0,-4.0,-1.979,-2.0,-4.0,-1.015,8.973,2.994,0.0,0.0,0.0,0.0,0.0,0.0,0.0,0.0,0.0,0.0
BtcGF,BTCUSDc,56,11.4295,22.859,3,0.9524,33.84,378,34.3915,1,15,0,0.015,1.5,1.75,0.0,0.5,16385,1,15.123,3,0,1,15,0.5,3,4.099,18.76,5.219,3.465,0.467,7.151,-1.0,1.492,0.486,-3.0,1.745,1.457,-3.0,-2.256,-0.257,-3.0,0.446,4.229,1.494,-0.257,-0.511,-3.264,3.688,-1.252,2.995,-2.261,-1.251,-1.258,-0.25,-3.251,0.271,-1.25,-3.0,2.348,0.797,-1.256,-4.0,6.48,-2.0,-2.275,-2.0,-3.0,2.1,-2.0,-1.0,-4.0,2.308,5.974,-1.251,2.498,-3.0,0.0,-1.0,0.0,3.615,3.474,-1.0,-1.0,0.0,-1.0,1.744,-1.0,0.0,0.0,0.0,0.0,0.0,-1.0,0.0,0.0,-1.0,0.0,0.0,1.749,-1.0,0.0,0.0,-1.0,-2.0,-0.256,1.747,-2.0,-1.0,0.736,3.724,0.743,2.468,-2.237,2.244,1.879,6.344,0.46,-1.269,-0.538,-2.259,1.496,-3.0,-4.0,2.469,9.009,-0.266,2.616,1.487,4.208,2.237,-5.0,0.511,2.235,1.724,-0.512,0.496,1.486,-3.255,-1.28,-6.0,-3.0,4.62,-2.0,-3.999,0.737,5.968,2.494,0.0,0.0,0.0,0.0,0.0,0.0,0.0,0.0,0.0,0.0
BtcGF,BTCUSDc,57,11.4295,22.859,3,0.9524,33.84,378,34.3915,1,15,0,0.015,2.0,1.75,0.0,0.5,16385,1,15.123,3,0,1,15,0.5,3,4.1,18.759,5.219,3.465,0.467,7.151,-1.0,1.493,0.486,-3.0,1.745,1.457,-3.0,-2.256,-0.257,-3.0,0.446,4.229,1.494,-0.257,-0.511,-3.264,3.688,-1.252,2.995,-2.261,-1.251,-1.258,-0.25,-3.251,0.271,-1.25,-3.0,2.348,0.797,-1.256,-4.0,6.48,-2.0,-2.275,-2.0,-3.0,2.1,-2.0,-1.0,-4.0,2.308,5.974,-1.251,2.498,-3.0,0.0,-1.0,0.0,3.615,3.474,-1.0,-1.0,0.0,-1.0,1.744,-1.0,0.0,0.0,0.0,0.0,0.0,-1.0,0.0,0.0,-1.0,0.0,0.0,1.749,-1.0,0.0,0.0,-1.0,-2.0,-0.256,1.747,-2.0,-1.0,0.736,3.724,0.743,2.468,-2.237,2.244,1.879,6.344,0.46,-1.269,-0.538,-2.259,1.496,-3.0,-4.0,2.469,9.009,-0.266,2.616,1.487,4.208,2.237,-5.0,0.511,2.235,1.724,-0.512,0.496,1.486,-3.255,-1.28,-6.0,-3.0,4.62,-2.0,-4.0,0.737,5.968,2.494,0.0,0.0,0.0,0.0,0.0,0.0,0.0,0.0,0.0,0.0
BtcGF,BTCUSDc,103,13.646,20.469,4,0.9648,19.04,379,39.5778,1,15,0,0.015,2.0,1.5,0.0,0.5,16385,1,16.571,0,0,1,20,0.7,3,1.405,19.064,4.472,2.97,-1.52,2.749,-1.0,0.994,2.976,-3.0,1.496,0.961,-0.508,-2.505,-0.506,-3.0,0.478,0.983,0.995,0.989,-2.504,-1.028,1.464,-1.501,0.109,-2.51,-1.501,1.231,-0.5,-3.5,-1.002,-1.5,-0.505,2.952,0.974,0.989,-4.0,6.656,-2.0,-0.024,-2.0,-3.0,0.558,-2.0,-1.0,-2.0,4.89,4.978,-0.345,2.0,-3.0,0.0,0.0,-1.0,1.528,2.978,-1.0,-1.0,0.0,-1.0,1.494,-0.999,0.0,0.0,0.0,0.0,0.0,-1.0,0.0,0.0,-1.0,0.0,0.0,1.499,-1.0,0.0,0.0,1.498,-2.0,4.011,1.498,1.501,-2.0,0.5,3.132,0.494,4.959,-2.492,1.494,0.05,6.731,3.56,-1.516,-1.874,-2.508,-0.503,-2.0,-0.395,1.971,5.241,-2.513,-2.481,0.989,3.465,-0.033,0.0,3.979,0.09,1.484,-2.504,-2.502,0.988,-3.504,-2.527,-2.0,-0.607,2.535,-2.0,-0.102,0.488,4.972,1.995,0.0,0.0,0.0,0.0,0.0,0.0,0.0,0.0,0.0,0.0
BtcGF,BTCUSDc,86,10.062,20.124,3,1.216,9.95,415,50.8434,1,15,0,0.015,1.5,1.0,0.0,0.5,16385,1,18.122,0,0,1,15,0.7,3,4.456,15.668,2.982,2.979,-2.014,1.609,-0.631,2.985,1.977,-0.029,0.997,-0.013,-1.005,-1.005,-1.004,-1.004,-0.01,1.988,2.458,-0.007,-2.006,-2.018,-0.023,-0.001,1.342,-3.006,2.969,-0.013,0.999,-4.0,-0.583,0.0,0.995,2.096,2.65,-2.004,-2.199,-1.009,-1.014,1.933,-2.0,-3.0,-0.443,0.11,0.969,-0.003,1.98,2.986,-3.0,1.0,-3.0,0.0,0.0,-1.0,1.515,1.986,0.995,-1.0,0.0,1.99,0.996,0.991,0.0,0.0,0.0,0.0,0.0,-1.0,0.0,0.0,-1.0,0.0,0.0,0.999,-1.0,0.0,0.0,0.998,-0.014,0.762,0.998,-0.013,-2.0,0.0,1.988,-0.004,4.965,-1.011,-0.004,-2.01,3.069,1.528,-1.017,-2.005,-0.539,1.994,-1.016,-0.442,0.976,2.424,0.858,-1.991,-0.007,1.975,1.99,2.647,1.973,3.981,-0.017,-3.003,-3.001,-0.008,-4.003,2.488,-5.005,-2.374,2.47,3.124,-2.003,-0.008,2.982,0.997,0.0,0.0,0.0,0.0,0.0,0.0,0.0,0.0,0.0,0.0
BtcGF,BTCUSDc,69,6.5035,13.007,3,0.7567,49.28,364,34.8901,1,15,0,0.015,2.0,1.75,0.0,0.5,16385,1,6.597,1,0,1,20,0.5,3,8.555,4.452,5.219,3.465,-1.274,4.493,-1.0,1.493,0.486,-3.0,1.745,1.457,0.185,-2.256,-0.257,-3.0,-0.106,4.229,1.494,-0.257,-2.255,-3.264,3.688,-1.252,2.366,-2.261,-1.251,1.805,-0.25,-3.251,-0.503,-1.25,-3.0,3.522,2.488,1.499,-4.0,5.154,-2.0,-1.275,-2.0,-3.0,2.1,-2.0,-1.0,-4.0,1.96,5.974,-0.061,2.498,-3.0,0.0,-1.0,0.0,1.784,3.474,-1.0,-1.0,0.0,-1.0,1.744,-0.999,0.0,0.0,0.0,0.0,0.0,-1.0,0.0,0.0,-1.0,0.0,0.0,1.749,-1.0,0.0,0.0,-1.0,-2.0,-0.256,1.747,-2.0,-1.0,0.736,3.671,0.743,3.653,-2.237,2.244,1.874,2.224,0.46,-1.269,-1.277,-2.259,-0.253,-2.0,-4.0,2.469,8.685,-2.266,-2.226,1.487,4.208,0.468,-2.24,-1.257,0.613,1.492,-0.512,0.496,1.486,-3.255,-1.28,-2.0,-4.0,3.59,-2.0,-4.0,0.737,5.968,2.494,0.0,0.0,0.0,0.0,0.0,0.0,0.0,0.0,0.0,0.0
BtcGF,BTCUSDc,72,-0.9797,-2.939,2,-0.1552,0.0,437,56.2929,1,15,0,0.015,1.5,0.75,0.0,0.5,16385,1,-4.225,0,0,1,10,0.7,2,2.694,-5.633,2.237,2.234,2.719,0.0,-1.256,1.989,0.733,-0.521,0.748,1.234,-1.254,-1.504,-1.253,-1.253,-0.508,1.241,1.994,-1.252,-0.759,-2.514,-0.767,1.246,-0.012,-3.255,1.977,1.241,0.499,-4.25,-1.59,1.247,0.496,0.72,0.608,-2.253,-1.99,1.376,-1.261,0.559,-2.0,-1.256,-2.27,0.081,0.477,1.981,0.492,1.99,-0.514,0.5,0.488,0.0,1.118,0.0,-0.257,1.489,0.746,-1.0,0.0,1.493,0.747,0.743,0.0,0.0,0.0,0.0,0.0,-1.0,0.0,0.0,-1.0,0.0,0.0,0.75,-1.0,0.0,0.0,0.749,-0.256,0.242,0.749,-0.26,-2.0,-0.25,1.49,-0.253,3.723,-1.509,-0.009,-2.507,1.731,4.752,-1.512,-0.468,0.242,1.246,-1.771,-1.139,1.201,-0.763,-2.514,-3.501,-0.506,1.232,-0.008,2.42,0.233,2.737,-0.766,-1.507,-0.752,1.236,-4.251,0.232,-2.756,-3.255,0.728,1.715,-0.503,-0.256,2.734,0.497,0.0,0.0,0.0,0.0,0.0,0.0,0.0,0.0,0.0,0.0
BtcGF,BTCUSDc,77,12.523,25.046,3,1.174,11.48,399,45.1128,1,15,0,0.015,2.0,1.25,0.0,0.5,16385,1,22.17,0,0,1,10,0.7,3,-2.497,27.543,3.727,3.723,-1.767,2.039,-2.0,1.735,1.98,-3.0,1.247,0.483,-0.757,-0.507,-0.755,-0.755,0.243,0.485,2.804,0.491,-1.507,-1.523,0.721,0.499,0.01,-2.758,0.483,0.483,-0.75,-3.75,0.033,-1.75,-0.754,3.265,1.353,-1.754,-1.661,-0.511,-2.0,-0.52,-2.0,-3.0,0.057,-2.0,1.461,0.246,3.6,3.982,-3.0,1.5,-3.0,0.0,0.0,-1.0,1.91,2.482,-1.0,-1.0,0.0,3.184,1.245,1.239,0.0,0.0,0.0,0.0,0.0,-1.0,0.0,0.0,-1.0,0.0,0.0,1.249,-1.0,0.0,0.0,1.248,-2.0,1.656,1.248,0.233,-2.0,0.25,2.484,0.245,6.206,-0.171,0.745,-1.538,5.067,2.545,-0.521,-2.438,-2.757,2.743,-0.77,-0.37,1.474,3.866,1.66,-1.895,0.491,2.721,2.142,-0.508,3.542,4.121,0.73,-2.753,-2.752,0.49,-3.754,-0.525,-3.756,-1.922,1.951,2.848,-1.124,0.24,3.978,1.496,0.0,0.0,0.0,0.0,0.0,0.0,0.0,0.0,0.0,0.0
BtcGF,BTCUSDc,47,17.962,26.943,4,1.3428,34.96,376,30.8511,1,15,0,0.015,2.0,2.0,0.0,0.5,16385,1,17.525,7,0,1,10,0.5,3,8.832,18.111,5.964,3.952,0.963,-1.0,-2.0,2.665,-0.015,-3.0,1.994,1.954,-3.0,-2.007,-0.008,-3.0,-3.0,4.983,1.993,-1.008,-0.013,-3.016,-1.022,-1.002,6.777,-2.013,0.334,-1.009,-0.001,-3.001,1.479,-1.0,-3.0,1.382,1.477,-1.007,-4.0,9.412,-2.0,-2.028,-2.0,-3.0,2.78,-3.0,-1.0,-3.999,2.752,3.977,-1.002,2.998,-3.0,0.0,-1.0,0.0,8.183,3.971,-1.0,-1.0,0.0,-1.0,1.993,-1.0,0.0,0.0,0.0,0.0,0.0,-1.0,0.0,0.0,-1.0,0.0,0.0,1.999,-1.0,0.0,0.0,-1.0,-2.0,-0.007,1.997,-2.0,-1.0,1.337,4.531,0.992,-1.013,0.11,2.991,-3.016,-0.008,0.979,-1.022,-7.0,-2.011,-0.003,-3.0,-4.0,2.966,10.827,-0.018,4.01,1.986,4.953,3.911,-4.999,0.983,13.193,-0.908,-0.014,-4.0,1.984,-3.006,-1.033,-6.0,-3.0,7.468,-2.0,-4.0,-1.015,8.973,2.994,0.0,0.0,0.0,0.0,0.0,0.0,0.0,0.0,0.0,0.0
BtcGF,BTCUSDc,78,8.4065,16.813,3,0.609,22.46,387,38.5013,1,15,0,0.015,1.5,1.5,0.0,0.5,16385,1,13.037,0,0,1,10,0.7,3,-8.207,25.02,4.472,2.97,-1.52,3.393,-2.0,0.993,2.976,-3.0,1.496,0.961,-0.508,-2.505,-0.506,-3.0,0.478,0.982,0.995,0.989,-1.009,-1.028,1.464,-1.501,0.109,-2.51,-0.336,-1.507,-0.5,-3.5,-0.646,-1.5,-0.505,2.05,-0.404,-1.505,-4.0,4.762,-2.0,-0.024,-2.0,-3.0,0.558,-2.0,-1.0,-2.0,4.905,4.978,-3.0,2.0,-3.0,0.0,0.0,-1.0,2.304,2.978,-1.0,-1.0,0.0,-1.0,1.494,-1.0,0.0,0.0,0.0,0.0,0.0,-1.0,0.0,0.0,-1.0,0.0,0.0,1.499,-1.0,0.0,0.0,1.498,-2.0,4.011,1.498,1.501,-2.0,0.5,3.338,0.494,4.959,-1.397,1.494,-0.319,6.549,3.56,-1.516,-1.744,-2.508,-0.503,-3.0,0.258,1.971,5.292,-0.513,-0.18,0.989,3.465,0.858,-2.507,4.655,5.867,-1.018,-2.504,-2.502,0.988,-3.503,-2.527,-6.0,0.551,3.3,-2.0,-0.289,0.488,4.972,1.995,0.0,0.0,0.0,0.0,0.0,0.0,0.0,0.0,0.0,0.0
BtcGF,BTCUSDc,16,11.485,22.97,3,1.4083,26.8,412,43.2039,1,15,0,0.015,1.5,1.25,0.0,0.5,16385,1,16.814,2,0,1,15,0.3,3,1.029,21.941,3.727,3.723,-0.523,-1.0,-1.0,1.735,1.98,-3.0,1.247,0.483,-0.757,-0.507,-0.755,-0.755,-1.756,2.735,0.495,0.491,-1.507,-1.523,0.721,0.499,2.081,-2.758,0.483,0.483,-0.75,-3.75,0.281,-1.75,-0.754,3.677,1.845,-1.754,2.156,-0.511,-2.0,-1.52,-2.0,-3.0,2.19,-2.0,1.461,-1.754,2.92,3.982,-1.751,1.5,-3.0,0.0,-1.0,0.0,2.547,2.482,-1.0,-1.0,0.0,0.24,1.245,1.239,0.0,0.0,0.0,0.0,0.0,-1.0,0.0,0.0,-1.0,0.0,0.0,1.249,-1.0,0.0,0.0,1.248,-2.0,3.548,1.248,0.233,-2.0,0.25,2.484,0.245,6.206,-2.753,0.745,0.733,7.311,4.659,-0.521,-2.366,-2.757,2.743,-1.77,-5.0,1.474,5.656,-2.761,-2.735,0.491,2.721,2.274,-0.508,2.982,0.734,0.73,-2.753,-1.504,0.49,-4.754,-0.525,-3.756,2.279,3.118,3.355,-4.0,0.24,3.978,1.496,0.0,0.0,0.0,0.0,0.0,0.0,0.0,0.0,0.0,0.0
BtcGF,BTCUSDc,71,24.1273,36.191,4,1.8164,21.2,354,33.6158,1,15,0,0.015,2.0,2.0,0.0,0.5,16385,1,28.518,4,0,1,20,0.5,4,20.267,15.924,5.964,3.952,-1.027,-1.0,-1.0,2.192,0.985,-3.0,1.994,1.954,0.608,-2.007,-0.008,-3.0,0.232,8.145,1.993,-0.008,-2.006,-3.016,-1.022,-1.002,4.561,-2.013,-1.002,2.38,-0.001,-3.001,0.997,-1.0,-3.0,3.039,3.225,2.009,-4.0,7.667,-2.0,-1.028,-2.0,-3.0,2.78,-2.0,-1.0,-4.0,2.64,3.977,0.224,2.998,-3.0,0.0,-1.0,0.0,4.921,3.971,-1.0,-1.0,0.0,-1.0,1.993,-0.999,0.0,0.0,0.0,0.0,0.0,-1.0,0.0,0.0,-1.0,0.0,0.0,1.999,-1.0,0.0,0.0,-1.0,-2.0,-0.007,1.997,-2.0,-1.0,1.049,4.21,0.992,4.227,-1.984,2.991,5.137,2.971,0.979,-1.022,-3.68,-2.011,-0.003,-2.0,-4.0,2.966,10.393,-2.018,-1.971,1.986,4.953,0.969,0.765,-1.008,1.136,1.999,-2.005,0.002,1.984,-3.006,-1.033,-2.0,-4.0,-1.979,-2.0,-4.0,-1.015,8.973,2.994,0.0,0.0,0.0,0.0,0.0,0.0,0.0,0.0,0.0,0.0
BtcGF,BTCUSDc,104,8.5887,12.883,4,0.6486,36.73,356,35.1124,1,15,0,0.015,1.5,1.75,0.0,0.5,16385,1,8.151,0,0,1,20,0.7,3,10.475,2.408,5.219,3.465,-1.274,3.343,-1.0,1.492,0.486,-3.0,1.745,1.457,0.185,-2.256,-0.257,-3.0,0.894,1.48,1.494,-0.257,-2.255,-3.264,2.825,-1.252,1.963,-2.261,-1.251,1.784,-0.25,-3.251,-0.503,-1.25,-3.0,2.621,1.59,1.491,-4.0,5.52,-2.0,-1.275,-2.0,-3.0,1.058,-2.0,-1.0,-2.0,8.55,5.974,-0.061,2.498,-3.0,0.0,0.0,-1.0,1.784,3.474,-1.0,-1.0,0.0,-1.0,1.744,-0.999,0.0,0.0,0.0,0.0,0.0,-1.0,0.0,0.0,-1.0,0.0,0.0,1.749,-1.0,0.0,0.0,-1.0,-2.0,-2.0,1.747,-1.0,-2.0,0.736,3.671,0.743,3.653,-2.237,2.244,0.816,2.224,-1.273,-1.269,-1.277,-2.259,-0.253,-2.0,-4.0,2.469,7.674,-2.266,-2.226,1.487,4.208,0.468,-2.24,-1.257,0.613,1.492,-0.512,-1.252,1.486,-3.255,-1.28,-2.0,-4.0,7.84,-2.0,-3.0,0.737,5.968,2.494,0.0,0.0,0.0,0.0,0.0,0.0,0.0,0.0,0.0,0.0
BtcGF,BTCUSDc,105,8.6227,12.934,4,0.6527,36.59,356,35.1124,1,15,0,0.015,2.0,1.75,0.0,0.5,16385,1,8.202,0,0,1,20,0.7,3,10.522,2.412,5.219,3.465,-1.274,3.343,-1.0,1.493,0.486,-3.0,1.745,1.457,0.185,-2.256,-0.257,-3.0,0.894,1.48,1.494,-0.257,-2.255,-3.264,2.825,-1.252,1.963,-2.261,-1.251,1.805,-0.25,-3.251,-0.503,-1.25,-3.0,2.621,1.59,1.499,-4.0,5.537,-2.0,-1.275,-2.0,-3.0,1.058,-2.0,-1.0,-2.0,8.55,5.974,-0.061,2.498,-3.0,0.0,0.0,-1.0,1.784,3.474,-1.0,-1.0,0.0,-1.0,1.744,-0.999,0.0,0.0,0.0,0.0,0.0,-1.0,0.0,0.0,-1.0,0.0,0.0,1.749,-1.0,0.0,0.0,-1.0,-2.0,-2.0,1.747,-1.0,-2.0,0.736,3.671,0.743,3.653,-2.237,2.244,0.82,2.224,-1.273,-1.269,-1.277,-2.259,-0.253,-2.0,-4.0,2.469,7.674,-2.266,-2.226,1.487,4.208,0.468,-2.24,-1.257,0.613,1.492,-0.512,-1.252,1.486,-3.255,-1.28,-2.0,-4.0,7.84,-2.0,-3.0,0.737,5.968,2.494,0.0,0.0,0.0,0.0,0.0,0.0,0.0,0.0,0.0,0.0
BtcGF,BTCUSDc,53,22.246,33.369,4,1.7408,12.13,406,44.8276,1,15,0,0.015,2.0,1.25,0.0,0.5,16385,1,29.32,0,0,1,15,0.5,3,0.287,33.082,3.727,3.723,-0.523,2.917,-1.0,1.735,1.98,-3.0,1.247,0.483,-0.757,-0.507,-0.755,-0.755,-0.757,2.735,0.495,0.491,-1.507,-1.523,0.721,0.499,0.943,-2.758,0.483,0.483,-0.75,-3.75,0.281,-1.75,-0.754,3.677,1.845,-1.754,-0.639,-0.511,-2.0,-1.52,-2.0,-3.0,0.705,-2.0,1.461,-1.754,2.92,3.982,-1.751,1.5,-3.0,0.0,-1.0,0.0,2.547,2.482,-1.0,-1.0,0.0,0.24,1.245,1.239,0.0,0.0,0.0,0.0,0.0,-1.0,0.0,0.0,-1.0,0.0,0.0,1.249,-1.0,0.0,0.0,1.248,-2.0,2.625,1.248,0.233,-2.0,0.25,2.484,0.245,6.206,0.038,0.745,-0.082,5.892,3.179,-0.521,-2.366,-2.757,2.743,-0.77,1.049,1.474,4.501,2.78,-2.735,0.491,2.721,2.274,-0.508,2.982,0.734,0.73,-2.753,-1.504,0.49,-3.754,-0.525,-3.756,0.187,2.336,3.107,-0.566,0.24,3.978,1.496,0.0,0.0,0.0,0.0,0.0,0.0,0.0,0.0,0.0,0.0
BtcGF,BTCUSDc,81,5.232,7.848,4,0.2598,60.3,371,33.6927,1,15,0,0.015,2.0,1.75,0.0,0.5,16385,1,3.116,0,0,1,10,0.7,4,-5.973,13.821,5.219,3.465,-1.274,4.359,-2.0,1.492,-0.514,-3.0,1.745,1.457,-3.0,-2.256,-0.257,-3.0,1.743,1.479,1.494,-1.257,-0.511,-3.264,2.825,-1.252,1.963,-2.261,0.005,-1.258,-0.25,-3.251,-0.084,-1.25,-3.0,1.341,0.088,-1.256,-4.0,3.476,-2.0,-1.275,-2.0,-3.0,1.058,-2.0,-1.0,-2.0,7.643,5.974,-3.0,2.498,-3.0,0.0,0.0,-1.0,2.699,3.474,-1.0,-1.0,0.0,-1.0,1.744,-1.0,0.0,0.0,0.0,0.0,0.0,-1.0,0.0,0.0,-1.0,0.0,0.0,1.749,-1.0,0.0,0.0,-1.0,-2.0,-2.0,1.747,-1.0,-2.0,0.736,3.935,0.743,1.468,-1.76,2.244,0.697,5.268,-1.273,-1.269,-1.049,-2.259,-0.253,-3.0,-4.0,2.469,7.734,-0.266,0.931,1.487,4.208,1.821,-5.0,1.303,7.612,-1.262,-0.512,-1.252,1.486,-3.255,-1.28,-6.0,-3.0,8.93,-2.0,-3.0,0.737,5.968,2.494,0.0,0.0,0.0,0.0,0.0,0.0,0.0,0.0,0.0,0.0
BtcGF,BTCUSDc,107,27.1967,32.636,5,2.2177,17.42,347,33.7176,1,15,0,0.015,2.0,2.0,0.0,0.5,16385,1,26.95,1,0,1,20,0.7,4,16.583,16.053,5.964,3.952,-1.027,-1.0,-1.0,2.192,0.985,-3.0,1.994,1.954,0.608,-2.007,-0.008,-3.0,1.232,4.602,1.993,-0.008,-2.006,-3.016,-1.022,-1.002,4.088,-2.013,-1.002,2.38,-0.001,-3.001,0.997,-1.0,-3.0,7.119,2.205,2.009,-4.0,7.906,-2.0,-1.028,-2.0,-3.0,1.546,-2.0,-1.0,-2.0,-1.002,3.977,0.224,2.998,-3.0,0.0,0.0,-1.0,3.83,3.971,-1.0,-1.0,0.0,-1.0,1.993,-0.999,0.0,0.0,0.0,0.0,0.0,-1.0,0.0,0.0,-1.0,0.0,0.0,1.999,-1.0,0.0,0.0,-1.0,-2.0,-2.0,1.997,-1.0,-2.0,1.049,4.21,0.992,4.227,-1.984,2.991,3.722,2.971,-1.002,-1.022,-3.68,-2.011,-0.003,-2.0,-4.0,2.966,9.108,-2.018,-1.971,1.986,4.953,0.969,0.765,-1.008,1.136,1.999,-2.005,0.002,1.984,-3.006,-1.033,-2.0,-4.0,3.824,-2.0,-3.0,-1.015,8.973,2.994,0.0,0.0,0.0,0.0,0.0,0.0,0.0,0.0,0.0,0.0
BtcGF,BTCUSDc,106,27.1325,32.559,5,2.2125,17.46,347,33.7176,1,15,0,0.015,1.5,2.0,0.0,0.5,16385,1,26.873,1,0,1,20,0.7,4,16.51,16.049,5.964,3.952,-1.027,-1.0,-1.0,2.191,0.985,-3.0,1.994,1.954,0.608,-2.007,-0.008,-3.0,1.232,4.602,1.993,-0.008,-2.006,-3.016,-1.022,-1.002,4.088,-2.013,-1.002,2.352,-0.001,-3.001,0.997,-1.0,-3.0,7.106,2.205,1.998,-4.0,7.886,-2.0,-1.028,-2.0,-3.0,1.546,-2.0,-1.0,-2.0,-1.002,3.977,0.224,2.998,-3.0,0.0,0.0,-1.0,3.83,3.971,-1.0,-1.0,0.0,-1.0,1.993,-0.999,0.0,0.0,0.0,0.0,0.0,-1.0,0.0,0.0,-1.0,0.0,0.0,1.999,-1.0,0.0,0.0,-1.0,-2.0,-2.0,1.997,-1.0,-2.0,1.049,4.21,0.992,4.227,-1.984,2.991,3.718,2.971,-1.002,-1.022,-3.68,-2.011,-0.003,-2.0,-4.0,2.966,9.108,-2.018,-1.971,1.986,4.953,0.969,0.765,-1.008,1.136,1.999,-2.005,0.002,1.984,-3.006,-1.033,-2.0,-4.0,3.824,-2.0,-3.0,-1.015,8.973,2.994,0.0,0.0,0.0,0.0,0.0,0.0,0.0,0.0,0.0,0.0
BtcGF,BTCUSDc,55,21.6393,32.459,4,1.3113,18.65,395,38.7342,1,15,0,0.015,2.0,1.5,0.0,0.5,16385,1,26.404,4,0,1,15,0.5,3,0.034,32.425,4.472,2.97,-0.028,5.429,-1.0,0.994,2.976,-3.0,1.496,0.961,-0.508,-2.505,-0.506,-3.0,-0.522,3.482,0.995,0.989,-1.009,-1.028,1.464,-1.501,0.893,-2.51,-1.501,-1.507,-0.5,-3.5,-0.345,-1.5,-0.505,2.76,0.196,-1.505,-4.0,7.041,-2.0,-1.024,-2.0,-3.0,1.403,-2.0,-1.0,-4.0,3.981,4.978,-1.501,2.0,-3.0,0.0,-1.0,0.0,3.081,2.978,-1.0,-1.0,0.0,-1.0,1.494,-1.0,0.0,0.0,0.0,0.0,0.0,-1.0,0.0,0.0,-1.0,0.0,0.0,1.499,-1.0,0.0,0.0,1.498,-2.0,-0.505,1.498,2.144,-2.0,0.5,3.173,0.494,4.959,-2.492,1.494,0.901,7.614,4.404,-1.516,-1.452,-2.508,0.996,-3.0,2.063,1.971,6.248,-0.513,1.221,0.989,3.465,1.132,-2.507,3.979,1.485,1.634,-2.504,-1.004,0.988,-3.504,-2.527,-6.0,2.738,3.978,-2.0,0.443,0.488,4.972,1.995,0.0,0.0,0.0,0.0,0.0,0.0,0.0,0.0,0.0,0.0
BtcGF,BTCUSDc,82,3.8567,11.57,2,0.4128,49.14,364,30.7692,1,15,0,0.015,1.5,2.0,0.0,0.5,16385,1,5.884,4,0,1,10,0.7,2,-2.389,13.959,5.964,3.952,-1.027,-1.0,-2.0,2.665,-0.015,-3.0,1.994,1.954,-3.0,-2.007,-0.008,-3.0,2.541,4.765,1.993,-1.008,-0.013,-3.016,-1.022,-1.002,4.914,-2.013,0.334,-1.009,-0.001,-3.001,1.479,-1.0,-3.0,1.382,0.58,-1.007,-4.0,5.68,-2.0,-1.028,-2.0,-3.0,1.546,-2.0,-1.0,-2.0,-1.002,3.977,-3.0,2.998,-3.0,0.0,0.0,-1.0,5.108,3.971,-1.0,-1.0,0.0,-1.0,1.993,-1.0,0.0,0.0,0.0,0.0,0.0,-1.0,0.0,0.0,-1.0,0.0,0.0,1.999,-1.0,0.0,0.0,-1.0,-2.0,-2.0,1.997,-1.0,-2.0,1.337,4.531,0.992,-1.013,-1.124,2.991,3.461,-0.008,-1.002,-1.022,-7.0,-2.011,-0.003,-3.0,-4.0,2.966,9.176,-0.018,2.042,1.986,4.953,2.783,-5.0,1.92,10.97,-0.908,-0.014,-4.0,1.984,-3.005,-1.033,-6.0,-3.0,5.08,-2.0,-3.0,-1.015,8.973,2.994,0.0,0.0,0.0,0.0,0.0,0.0,0.0,0.0,0.0,0.0
BtcGF,BTCUSDc,74,10.248,20.496,3,1.2386,9.77,415,50.8434,1,15,0,0.015,1.5,1.0,0.0,0.5,16385,1,18.494,0,0,1,10,0.7,3,3.931,16.565,2.982,2.979,-2.014,1.609,-0.532,2.985,1.977,-0.029,0.997,-0.013,-1.005,-1.005,-1.004,-1.004,-0.01,1.988,2.088,-0.007,-2.006,-2.018,-0.023,-0.001,1.119,-3.006,2.969,-0.013,0.999,-4.0,-0.777,0.0,0.995,1.98,2.608,-2.004,-2.199,-1.009,-1.014,1.909,-2.0,-3.0,-0.443,0.455,0.969,-0.003,1.98,2.986,-3.0,1.0,-3.0,0.0,0.0,-1.0,1.515,1.986,0.995,-1.0,0.0,1.99,0.996,0.991,0.0,0.0,0.0,0.0,0.0,-1.0,0.0,0.0,-1.0,0.0,0.0,0.999,-1.0,0.0,0.0,0.998,-0.014,0.762,0.998,-0.013,-2.0,0.0,1.988,-0.004,4.965,-1.011,-0.004,-2.01,2.979,1.528,-1.017,-2.005,-0.539,1.994,-1.016,-0.442,0.976,2.424,0.858,-1.405,-0.007,1.975,1.99,2.649,1.973,4.551,-0.017,-3.003,-3.001,-0.008,-4.002,2.488,-5.005,-2.384,2.47,2.962,-2.003,-0.008,2.982,0.997,0.0,0.0,0.0,0.0,0.0,0.0,0.0,0.0,0.0,0.0
BtcGF,BTCUSDc,95,6.638,13.276,3,0.6365,42.83,358,31.5642,1,15,0,0.015,2.0,2.0,0.0,0.5,16385,1,7.59,4,0,1,15,0.7,3,0.358,12.918,5.964,3.952,-1.027,-1.0,-1.0,2.16,0.985,-3.0,1.994,1.954,-3.0,-2.007,-0.008,-3.0,2.084,4.136,1.993,-0.008,-0.013,-3.016,-1.022,-1.002,4.914,-2.013,-1.002,-1.009,-0.001,-3.001,1.887,-1.0,-3.0,2.449,0.779,-1.007,-4.0,5.68,-2.0,-1.028,-2.0,-3.0,1.546,-2.0,-1.0,-2.0,-1.002,3.977,-3.0,2.998,-3.0,0.0,0.0,-1.0,5.108,3.971,-1.0,-1.0,0.0,-1.0,1.993,-1.0,0.0,0.0,0.0,0.0,0.0,-1.0,0.0,0.0,-1.0,0.0,0.0,1.999,-1.0,0.0,0.0,-1.0,-2.0,-2.0,1.997,-1.0,-2.0,0.992,4.274,0.992,-0.013,-1.984,2.991,3.191,-0.008,-1.002,-1.022,-1.8,-2.011,1.996,-3.0,-4.0,2.966,9.176,-0.018,2.054,1.986,4.953,2.783,-5.0,1.013,4.102,2.323,-2.005,-4.0,1.984,-3.006,-1.033,-6.0,-3.0,5.096,-2.0,-3.0,-1.015,8.973,2.994,0.0,0.0,0.0,0.0,0.0,0.0,0.0,0.0,0.0,0.0
BtcGF,BTCUSDc,87,10.1165,20.233,3,1.2226,9.89,415,50.8434,1,15,0,0.015,2.0,1.0,0.0,0.5,16385,1,18.231,0,0,1,15,0.7,3,4.456,15.777,2.982,2.979,-2.014,1.609,-0.631,2.985,1.977,-0.029,0.997,-0.013,-1.005,-1.005,-1.004,-1.004,-0.01,1.988,2.458,-0.007,-2.006,-2.018,-0.023,-0.001,1.342,-3.006,2.969,-0.013,0.999,-4.0,-0.583,0.0,0.995,2.096,2.65,-2.004,-2.199,-1.009,-1.014,1.933,-2.0,-3.0,-0.443,0.11,0.969,-0.003,1.98,2.986,-3.0,1.0,-3.0,0.0,0.0,-1.0,1.515,1.986,0.995,-1.0,0.0,1.99,0.996,0.991,0.0,0.0,0.0,0.0,0.0,-1.0,0.0,0.0,-1.0,0.0,0.0,0.999,-1.0,0.0,0.0,0.998,-0.014,0.762,0.998,-0.013,-2.0,0.0,1.988,-0.004,4.965,-1.011,-0.004,-2.01,3.069,1.528,-1.017,-2.005,-0.539,1.994,-1.016,-0.442,0.976,2.424,0.858,-1.991,-0.007,1.975,1.99,2.647,1.973,3.981,-0.017,-3.003,-3.001,-0.008,-4.003,2.488,-5.005,-2.374,2.47,3.233,-2.003,-0.008,2.982,0.997,0.0,0.0,0.0,0.0,0.0,0.0,0.0,0.0,0.0,0.0
BtcGF,BTCUSDc,28,7.44,14.88,3,0.6464,41.37,407,42.9975,1,15,0,0.015,1.5,1.25,0.0,0.5,16385,1,8.724,1,0,1,20,0.3,3,-6.215,21.095,3.727,3.723,-1.767,-1.0,-1.0,1.735,1.98,-3.0,1.247,0.483,-0.757,-0.507,-0.755,-0.755,-1.757,2.735,0.495,0.491,-2.753,-1.523,0.721,0.499,2.081,-2.758,0.483,0.483,-0.75,-3.75,-0.26,-1.75,-0.754,0.981,-2.75,-1.754,2.156,-0.511,-2.0,-0.52,-2.0,-3.0,2.253,-2.0,1.461,0.498,2.838,3.982,-0.631,1.5,-3.0,0.0,-1.0,0.0,1.273,2.482,-1.0,-1.0,0.0,0.24,1.245,1.239,0.0,0.0,0.0,0.0,0.0,-1.0,0.0,0.0,-1.0,0.0,0.0,1.249,-1.0,0.0,0.0,1.248,-2.0,3.662,1.248,0.233,-2.0,0.25,2.484,0.245,6.206,-2.753,0.745,1.418,7.258,4.659,-0.521,-2.471,-2.757,2.743,-1.77,-4.0,1.474,5.385,-2.761,-2.735,0.491,2.721,1.712,1.746,2.982,-0.434,0.73,-2.753,-1.504,0.49,-4.754,-0.525,-3.755,1.121,2.139,2.751,-4.0,0.24,3.978,1.496,0.0,0.0,0.0,0.0,0.0,0.0,0.0,0.0,0.0,0.0
BtcGF,BTCUSDc,83,3.8563,11.569,2,0.4128,49.15,364,30.7692,1,15,0,0.015,2.0,2.0,0.0,0.5,16385,1,5.883,4,0,1,10,0.7,2,-2.389,13.958,5.964,3.952,-1.027,-1.0,-2.0,2.665,-0.015,-3.0,1.994,1.954,-3.0,-2.007,-0.008,-3.0,2.541,4.765,1.993,-1.008,-0.013,-3.016,-1.022,-1.002,4.914,-2.013,0.334,-1.009,-0.001,-3.001,1.479,-1.0,-3.0,1.382,0.58,-1.007,-4.0,5.68,-2.0,-1.028,-2.0,-3.0,1.546,-2.0,-1.0,-2.0,-1.002,3.977,-3.0,2.998,-3.0,0.0,0.0,-1.0,5.108,3.971,-1.0,-1.0,0.0,-1.0,1.993,-1.0,0.0,0.0,0.0,0.0,0.0,-1.0,0.0,0.0,-1.0,0.0,0.0,1.999,-1.0,0.0,0.0,-1.0,-2.0,-2.0,1.997,-1.0,-2.0,1.337,4.531,0.992,-1.013,-1.124,2.991,3.461,-0.008,-1.002,-1.022,-7.0,-2.011,-0.003,-3.0,-4.0,2.966,9.176,-0.018,2.042,1.986,4.953,2.783,-5.0,1.92,10.97,-0.908,-0.014,-4.0,1.984,-3.006,-1.033,-6.0,-3.0,5.08,-2.0,-3.0,-1.015,8.973,2.994,0.0,0.0,0.0,0.0,0.0,0.0,0.0,0.0,0.0,0.0
BtcGF,BTCUSDc,59,23.88,35.82,4,1.5595,26.29,368,32.337,1,15,0,0.015,2.0,2.0,0.0,0.5,16385,1,26.402,6,0,1,15,0.5,3,19.783,16.037,5.964,3.952,0.963,-1.0,-1.0,2.16,0.985,-3.0,1.994,1.954,-3.0,-2.007,-0.008,-3.0,1.084,7.623,1.993,-0.008,-0.013,-3.016,-1.022,-1.002,7.254,-2.013,-1.002,-1.009,-0.001,-3.001,1.887,-1.0,-3.0,2.449,1.398,-1.007,-4.0,9.412,-2.0,-2.028,-2.0,-3.0,2.78,-2.0,-1.0,-4.0,3.121,3.977,-1.002,2.998,-3.0,0.0,-1.0,0.0,8.01,3.971,-1.0,-1.0,0.0,-1.0,1.993,-1.0,0.0,0.0,0.0,0.0,0.0,-1.0,0.0,0.0,-1.0,0.0,0.0,1.999,-1.0,0.0,0.0,-1.0,-2.0,-0.007,1.997,-2.0,-1.0,0.992,4.274,0.992,-0.013,-1.984,2.991,4.216,-0.008,0.979,-1.022,-1.8,-2.011,1.996,-3.0,-4.0,2.966,10.772,-0.018,4.01,1.986,4.953,3.341,-5.0,1.013,4.102,2.323,-2.005,-2.003,1.984,-3.006,-1.033,-6.0,-3.0,-0.891,-2.0,-4.0,-1.015,8.973,2.994,0.0,0.0,0.0,0.0,0.0,0.0,0.0,0.0,0.0,0.0
BtcGF,BTCUSDc,94,6.637,13.274,3,0.6363,42.84,358,31.5642,1,15,0,0.015,1.5,2.0,0.0,0.5,16385,1,7.588,4,0,1,15,0.7,3,0.355,12.919,5.964,3.952,-1.027,-1.0,-1.0,2.159,0.985,-3.0,1.994,1.954,-3.0,-2.007,-0.008,-3.0,2.084,4.136,1.993,-0.008,-0.013,-3.016,-1.022,-1.002,4.914,-2.013,-1.002,-1.009,-0.001,-3.001,1.887,-1.0,-3.0,2.447,0.779,-1.007,-4.0,5.68,-2.0,-1.028,-2.0,-3.0,1.546,-2.0,-1.0,-2.0,-1.002,3.977,-3.0,2.998,-3.0,0.0,0.0,-1.0,5.108,3.971,-1.0,-1.0,0.0,-1.0,1.993,-1.0,0.0,0.0,0.0,0.0,0.0,-1.0,0.0,0.0,-1.0,0.0,0.0,1.999,-1.0,0.0,0.0,-1.0,-2.0,-2.0,1.997,-1.0,-2.0,0.992,4.274,0.992,-0.013,-1.984,2.991,3.191,-0.008,-1.002,-1.022,-1.8,-2.011,1.996,-3.0,-4.0,2.966,9.176,-0.018,2.054,1.986,4.953,2.783,-5.0,1.013,4.102,2.323,-2.005,-4.0,1.984,-3.006,-1.033,-6.0,-3.0,5.096,-2.0,-2.999,-1.015,8.973,2.994,0.0,0.0,0.0,0.0,0.0,0.0,0.0,0.0,0.0,0.0
BtcGF,BTCUSDc,75,10.302,20.604,3,1.245,9.72,415,50.8434,1,15,0,0.015,2.0,1.0,0.0,0.5,16385,1,18.602,0,0,1,10,0.7,3,3.931,16.673,2.982,2.979,-2.014,1.609,-0.532,2.985,1.977,-0.029,0.997,-0.013,-1.005,-1.005,-1.004,-1.004,-0.01,1.988,2.088,-0.007,-2.006,-2.018,-0.023,-0.001,1.119,-3.006,2.969,-0.013,0.999,-4.0,-0.777,0.0,0.995,1.98,2.608,-2.004,-2.199,-1.009,-1.014,1.909,-2.0,-3.0,-0.443,0.455,0.969,-0.003,1.98,2.986,-3.0,1.0,-3.0,0.0,0.0,-1.0,1.515,1.986,0.995,-1.0,0.0,1.99,0.996,0.991,0.0,0.0,0.0,0.0,0.0,-1.0,0.0,0.0,-1.0,0.0,0.0,0.999,-1.0,0.0,0.0,0.998,-0.014,0.762,0.998,-0.013,-2.0,0.0,1.988,-0.004,4.965,-1.011,-0.004,-2.01,2.979,1.528,-1.017,-2.005,-0.539,1.994,-1.016,-0.442,0.976,2.424,0.858,-1.405,-0.007,1.975,1.99,2.649,1.973,4.551,-0.017,-3.003,-3.001,-0.008,-4.003,2.488,-5.005,-2.384,2.47,3.071,-2.003,-0.008,2.982,0.997,0.0,0.0,0.0,0.0,0.0,0.0,0.0,0.0,0.0,0.0
BtcGF,BTCUSDc,12,-2.2933,-3.44,4,-0.1936,0.0,440,55.6818,1,15,0,0.015,1.5,0.75,0.0,0.5,16385,1,-6.469,0,0,1,15,0.3,2,1.895,-5.335,2.237,2.234,2.719,0.0,-1.256,1.989,0.733,-0.521,0.748,1.234,-1.254,-1.504,-1.253,-1.253,-0.508,1.241,1.994,-1.252,-0.759,-2.514,-0.767,1.246,-0.012,-3.255,1.977,1.241,0.499,-4.25,-1.449,1.247,0.496,0.72,0.884,-2.253,-0.222,2.687,-1.261,0.634,-2.0,-1.256,-2.27,-0.171,0.477,1.981,0.492,1.99,-0.514,0.5,0.488,0.0,-1.0,0.0,-0.257,1.489,0.746,-1.0,0.0,1.493,0.747,0.743,0.0,0.0,0.0,0.0,0.0,-1.0,0.0,0.0,-1.0,0.0,0.0,0.75,-1.0,0.0,0.0,0.749,-0.256,0.242,0.749,-0.26,-2.0,-0.25,1.49,-0.253,3.723,-1.509,-0.009,-2.507,1.774,5.473,-1.512,-2.754,0.242,1.246,-1.771,0.006,1.201,-0.763,-2.514,-3.501,-0.506,1.232,-0.008,2.819,0.233,2.737,-0.766,-1.507,-0.752,1.236,-5.252,0.232,-2.756,-2.509,0.728,0.246,-0.503,-0.256,2.734,0.497,0.0,0.0,0.0,0.0,0.0,0.0,0.0,0.0,0.0,0.0
BtcGF,BTCUSDc,93,7.6667,11.5,4,0.3933,41.15,368,34.2391,1,15,0,0.015,2.0,1.75,0.0,0.5,16385,1,6.768,0,0,1,15,0.7,3,-0.326,11.826,5.219,3.465,-1.274,4.359,-1.0,1.493,0.486,-3.0,1.745,1.457,-3.0,-2.256,-0.257,-3.0,1.446,1.479,1.494,-0.257,-0.511,-3.264,2.825,-1.252,1.963,-2.261,-1.251,-1.258,-0.25,-3.251,0.271,-1.25,-3.0,2.348,0.248,-1.256,-4.0,3.476,-2.0,-1.275,-2.0,-3.0,1.058,-2.0,-1.0,-2.0,8.576,5.974,-3.0,2.498,-3.0,0.0,0.0,-1.0,2.699,3.474,-1.0,-1.0,0.0,-1.0,1.744,-1.0,0.0,0.0,0.0,0.0,0.0,-1.0,0.0,0.0,-1.0,0.0,0.0,1.749,-1.0,0.0,0.0,-1.0,-2.0,-2.0,1.747,-1.0,-2.0,0.736,3.724,0.743,2.468,-2.237,2.244,1.034,5.268,-1.273,-1.269,-0.538,-2.259,1.496,-3.0,-4.0,2.469,7.734,-0.266,0.939,1.487,4.208,1.821,-5.0,0.511,2.235,1.724,-0.512,-1.252,1.486,-3.255,-1.28,-6.0,-3.0,8.945,-2.0,-3.0,0.737,5.968,2.494,0.0,0.0,0.0,0.0,0.0,0.0,0.0,0.0,0.0,0.0
BtcGF,BTCUSDc,73,-0.9587,-2.876,2,-0.1519,0.0,437,56.2929,1,15,0,0.015,2.0,0.75,0.0,0.5,16385,1,-4.162,0,0,1,10,0.7,2,2.694,-5.57,2.237,2.234,2.719,0.0,-1.256,1.989,0.733,-0.521,0.748,1.234,-1.254,-1.504,-1.253,-1.253,-0.508,1.241,1.994,-1.252,-0.759,-2.514,-0.767,1.246,-0.012,-3.255,1.977,1.241,0.499,-4.25,-1.59,1.247,0.496,0.72,0.608,-2.253,-1.99,1.376,-1.261,0.559,-2.0,-1.256,-2.27,0.081,0.477,1.981,0.492,1.99,-0.514,0.5,0.488,0.0,1.118,0.0,-0.257,1.489,0.746,-1.0,0.0,1.493,0.747,0.743,0.0,0.0,0.0,0.0,0.0,-1.0,0.0,0.0,-1.0,0.0,0.0,0.75,-1.0,0.0,0.0,0.749,-0.256,0.242,0.749,-0.26,-2.0,-0.25,1.49,-0.253,3.723,-1.509,-0.009,-2.507,1.731,4.752,-1.512,-0.468,0.242,1.246,-1.771,-1.139,1.201,-0.763,-2.514,-3.501,-0.506,1.232,-0.008,2.42,0.233,2.737,-0.766,-1.507,-0.752,1.236,-4.252,0.232,-2.756,-3.255,0.728,1.779,-0.503,-0.256,2.734,0.497,0.0,0.0,0.0,0.0,0.0,0.0,0.0,0.0,0.0,0.0
BtcGF,BTCUSDc,90,8.1245,16.249,3,0.5879,23.24,388,38.6598,1,15,0,0.015,1.5,1.5,0.0,0.5,16385,1,12.473,0,0,1,15,0.7,3,-8.241,24.49,4.472,2.97,-1.52,3.393,-1.0,0.993,2.976,-3.0,1.496,0.961,-0.508,-2.505,-0.506,-3.0,0.478,0.982,0.995,0.989,-1.009,-1.028,1.464,-1.501,0.109,-2.51,-1.501,-1.507,-0.5,-3.5,-0.345,-1.5,-0.505,2.76,-0.284,-1.505,-4.0,4.762,-2.0,-0.024,-2.0,-3.0,0.558,-2.0,-1.0,-2.0,4.905,4.978,-3.0,2.0,-3.0,0.0,0.0,-1.0,2.304,2.978,-1.0,-1.0,0.0,-1.0,1.494,-1.0,0.0,0.0,0.0,0.0,0.0,-1.0,0.0,0.0,-1.0,0.0,0.0,1.499,-1.0,0.0,0.0,1.498,-2.0,4.011,1.498,1.501,-2.0,0.5,3.173,0.494,4.959,-2.492,1.494,0.175,6.732,3.56,-1.516,-1.452,-2.508,0.996,-3.0,0.258,1.971,5.292,-0.513,-0.175,0.989,3.465,0.858,-2.507,3.979,1.485,1.634,-2.504,-2.502,0.988,-3.504,-2.527,-6.0,0.564,3.3,-2.0,-0.638,0.488,4.972,1.995,0.0,0.0,0.0,0.0,0.0,0.0,0.0,0.0,0.0,0.0
BtcGF,BTCUSDc,58,23.8787,35.818,4,1.5595,26.29,368,32.337,1,15,0,0.015,1.5,2.0,0.0,0.5,16385,1,26.4,6,0,1,15,0.5,3,19.78,16.038,5.964,3.952,0.963,-1.0,-1.0,2.159,0.985,-3.0,1.994,1.954,-3.0,-2.007,-0.008,-3.0,1.084,7.623,1.993,-0.008,-0.013,-3.016,-1.022,-1.002,7.254,-2.013,-1.002,-1.009,-0.001,-3.001,1.887,-1.0,-3.0,2.447,1.398,-1.007,-4.0,9.412,-2.0,-2.028,-2.0,-3.0,2.78,-2.0,-1.0,-4.0,3.121,3.977,-1.002,2.998,-3.0,0.0,-1.0,0.0,8.01,3.971,-1.0,-1.0,0.0,-1.0,1.993,-1.0,0.0,0.0,0.0,0.0,0.0,-1.0,0.0,0.0,-1.0,0.0,0.0,1.999,-1.0,0.0,0.0,-1.0,-2.0,-0.007,1.997,-2.0,-1.0,0.992,4.274,0.992,-0.013,-1.984,2.991,4.216,-0.008,0.979,-1.022,-1.8,-2.011,1.996,-3.0,-4.0,2.966,10.772,-0.018,4.01,1.986,4.953,3.341,-5.0,1.013,4.102,2.323,-2.005,-2.003,1.984,-3.006,-1.033,-6.0,-3.0,-0.891,-2.0,-3.999,-1.015,8.973,2.994,0.0,0.0,0.0,0.0,0.0,0.0,0.0,0.0,0.0,0.0
BtcGF,BTCUSDc,1,-1.9525,-3.905,3,-0.2075,0.0,466,55.794,1,15,0,0.015,2.0,0.75,0.0,0.5,16385,1,-6.934,0,0,1,10,0.3,3,2.84,-6.745,2.237,2.234,2.719,0.0,-1.256,1.989,0.733,-0.521,0.748,1.234,-1.254,-1.504,-1.253,-1.253,-0.508,1.241,1.994,-1.252,-0.759,-2.514,-0.767,1.246,-0.015,-2.509,2.721,1.241,0.499,-4.25,-1.59,1.247,0.496,0.72,-0.756,-2.253,-0.222,0.668,-1.261,0.821,-2.0,-1.256,-2.27,-1.253,-0.268,1.981,0.492,1.99,-0.514,0.5,0.488,-0.258,-1.0,0.0,0.479,0.212,1.492,-1.0,0.0,1.493,2.962,0.743,0.736,0.0,0.74,0.74,0.74,-1.0,0.0,0.0,-1.0,-1.0,0.0,0.75,-2.0,0.0,0.0,0.749,-0.256,0.242,0.744,-0.26,-1.262,-0.25,0.49,0.49,3.723,-2.509,-0.009,-1.507,1.731,5.473,-1.512,-2.754,0.242,1.246,-1.771,0.006,1.201,-0.763,-2.514,-3.501,-1.506,0.232,-0.008,4.012,0.233,3.481,-0.766,-1.507,-0.752,1.236,-4.252,0.232,-2.756,-2.509,0.728,0.246,-0.503,-0.256,1.734,0.497,0.0,0.0,0.0,0.0,0.0,0.0,0.0,0.0,0.0,0.0
BtcGF,BTCUSDc,0,-1.9525,-3.905,3,-0.2075,0.0,466,55.794,1,15,0,0.015,1.5,0.75,0.0,0.5,16385,1,-6.934,0,0,1,10,0.3,3,2.84,-6.745,2.237,2.234,2.719,0.0,-1.256,1.989,0.733,-0.521,0.748,1.234,-1.254,-1.504,-1.253,-1.253,-0.508,1.241,1.994,-1.252,-0.759,-2.514,-0.767,1.246,-0.015,-2.509,2.721,1.241,0.499,-4.25,-1.59,1.247,0.496,0.72,-0.756,-2.253,-0.222,0.668,-1.261,0.821,-2.0,-1.256,-2.27,-1.253,-0.268,1.981,0.492,1.99,-0.514,0.5,0.488,-0.258,-1.0,0.0,0.479,0.212,1.492,-1.0,0.0,1.493,2.962,0.743,0.736,0.0,0.74,0.74,0.74,-1.0,0.0,0.0,-1.0,-1.0,0.0,0.75,-2.0,0.0,0.0,0.749,-0.256,0.242,0.744,-0.26,-1.262,-0.25,0.49,0.49,3.723,-2.509,-0.009,-1.507,1.731,5.473,-1.512,-2.754,0.242,1.246,-1.771,0.006,1.201,-0.763,-2.514,-3.501,-1.506,0.232,-0.008,4.012,0.233,3.481,-0.766,-1.507,-0.752,1.236,-4.252,0.232,-2.756,-2.509,0.728,0.246,-0.503,-0.256,1.734,0.497,0.0,0.0,0.0,0.0,0.0,0.0,0.0,0.0,0.0,0.0
BtcGF,BTCUSDc,92,7.6667,11.5,4,0.3933,41.15,368,34.2391,1,15,0,0.015,1.5,1.75,0.0,0.5,16385,1,6.768,0,0,1,15,0.7,3,-0.327,11.827,5.219,3.465,-1.274,4.359,-1.0,1.492,0.486,-3.0,1.745,1.457,-3.0,-2.256,-0.257,-3.0,1.446,1.479,1.494,-0.257,-0.511,-3.264,2.825,-1.252,1.963,-2.261,-1.251,-1.258,-0.25,-3.251,0.271,-1.25,-3.0,2.348,0.248,-1.256,-4.0,3.476,-2.0,-1.275,-2.0,-3.0,1.058,-2.0,-1.0,-2.0,8.576,5.974,-3.0,2.498,-3.0,0.0,0.0,-1.0,2.699,3.474,-1.0,-1.0,0.0,-1.0,1.744,-1.0,0.0,0.0,0.0,0.0,0.0,-1.0,0.0,0.0,-1.0,0.0,0.0,1.749,-1.0,0.0,0.0,-1.0,-2.0,-2.0,1.747,-1.0,-2.0,0.736,3.724,0.743,2.468,-2.237,2.244,1.034,5.268,-1.273,-1.269,-0.538,-2.259,1.496,-3.0,-4.0,2.469,7.734,-0.266,0.939,1.487,4.208,1.821,-5.0,0.511,2.235,1.724,-0.512,-1.252,1.486,-3.255,-1.28,-6.0,-3.0,8.945,-2.0,-2.999,0.737,5.968,2.494,0.0,0.0,0.0,0.0,0.0,0.0,0.0,0.0,0.0,0.0
BtcGF,BTCUSDc,3,6.919,13.838,3,0.8129,33.2,450,48.2222,1,15,0,0.015,2.0,1.0,0.0,0.5,16385,1,9.244,0,0,1,10,0.3,3,-0.518,14.356,2.982,2.979,-1.019,-1.0,0.631,2.985,1.977,-0.029,0.997,-0.013,-1.005,-1.005,-1.004,-1.004,-0.01,1.988,2.088,-0.007,-2.006,-2.018,-0.023,-0.001,0.979,-2.011,3.961,-0.013,0.999,-4.0,-0.777,0.0,0.995,1.98,-0.008,-2.004,0.594,-2.008,-1.014,2.379,-2.0,-3.0,1.084,-3.0,-0.024,-0.003,1.98,2.986,-2.001,1.0,-3.0,-0.01,-1.0,0.0,-3.0,-1.041,1.99,-1.0,0.0,1.99,1.979,0.991,3.307,0.0,0.987,0.987,-1.0,-1.0,0.0,0.0,-1.0,-1.0,0.0,0.999,-2.0,0.0,0.0,0.998,-0.014,3.098,0.992,-0.013,-3.0,0.0,0.988,0.98,4.965,-2.011,-0.004,-1.01,2.979,2.946,-1.017,-2.005,0.569,1.994,-2.016,-0.705,-0.024,0.982,-3.009,-5.001,-1.007,0.975,1.99,5.039,1.973,7.076,-0.017,-3.003,-3.001,-0.008,-4.003,3.969,-5.005,0.406,2.872,1.216,-2.003,-0.008,1.982,0.997,0.0,0.0,0.0,0.0,0.0,0.0,0.0,0.0,0.0,0.0
BtcGF,BTCUSDc,5,5.828,11.656,3,0.5427,52.81,443,41.9865,1,15,0,0.015,2.0,1.25,0.0,0.5,16385,1,5.5,2,0,1,10,0.3,3,-11.809,23.465,3.727,3.723,-0.523,-1.0,-3.0,1.735,1.98,-3.0,1.247,0.483,-0.757,-0.507,-0.755,-0.755,-1.756,2.735,2.804,0.491,-1.507,-1.523,0.721,0.499,-0.267,-1.515,1.724,0.483,-0.75,-3.75,0.033,-1.75,-0.754,3.265,-1.506,-1.754,2.156,-1.51,-2.0,-1.52,-2.0,-3.0,2.253,-3.0,0.22,-1.754,2.857,3.982,-1.751,1.5,-3.0,0.237,-1.0,0.0,-3.0,-0.552,1.312,-1.0,0.0,0.24,0.479,1.239,4.331,0.0,1.228,1.234,-1.0,-1.0,0.0,0.0,-1.0,-1.0,0.0,1.249,-2.0,0.0,0.0,1.248,-2.0,5.243,1.24,0.233,-3.0,0.25,1.484,1.477,6.206,-3.753,0.745,-0.538,7.355,4.659,-0.521,-2.438,-2.757,2.743,-1.77,-5.0,0.474,1.728,-2.761,-4.751,-0.509,1.721,2.602,-0.508,5.93,7.71,0.73,-2.753,-2.752,0.49,-3.754,-0.525,-3.756,1.735,3.738,3.096,-4.0,0.24,2.978,1.496,0.0,0.0,0.0,0.0,0.0,0.0,0.0,0.0,0.0,0.0
BtcGF,BTCUSDc,2,6.919,13.838,3,0.8129,33.2,450,48.2222,1,15,0,0.015,1.5,1.0,0.0,0.5,16385,1,9.244,0,0,1,10,0.3,3,-0.518,14.356,2.982,2.979,-1.019,-1.0,0.631,2.985,1.977,-0.029,0.997,-0.013,-1.005,-1.005,-1.004,-1.004,-0.01,1.988,2.088,-0.007,-2.006,-2.018,-0.023,-0.001,0.979,-2.011,3.961,-0.013,0.999,-4.0,-0.777,0.0,0.995,1.98,-0.008,-2.004,0.594,-2.008,-1.014,2.379,-2.0,-3.0,1.084,-3.0,-0.024,-0.003,1.98,2.986,-2.001,1.0,-3.0,-0.01,-1.0,0.0,-3.0,-1.041,1.99,-1.0,0.0,1.99,1.979,0.991,3.307,0.0,0.987,0.987,-1.0,-1.0,0.0,0.0,-1.0,-1.0,0.0,0.999,-2.0,0.0,0.0,0.998,-0.014,3.098,0.992,-0.013,-3.0,0.0,0.988,0.98,4.965,-2.011,-0.004,-1.01,2.979,2.946,-1.017,-2.005,0.569,1.994,-2.016,-0.705,-0.024,0.982,-3.009,-5.001,-1.007,0.975,1.99,5.039,1.973,7.076,-0.017,-3.003,-3.001,-0.008,-4.003,3.969,-5.005,0.406,2.872,1.216,-2.003,-0.008,1.982,0.997,0.0,0.0,0.0,0.0,0.0,0.0,0.0,0.0,0.0,0.0
BtcGF,BTCUSDc,4,5.828,11.656,3,0.5427,52.81,443,41.9865,1,15,0,0.015,1.5,1.25,0.0,0.5,16385,1,5.5,2,0,1,10,0.3,3,-11.809,23.465,3.727,3.723,-0.523,-1.0,-3.0,1.735,1.98,-3.0,1.247,0.483,-0.757,-0.507,-0.755,-0.755,-1.756,2.735,2.804,0.491,-1.507,-1.523,0.721,0.499,-0.267,-1.515,1.724,0.483,-0.75,-3.75,0.033,-1.75,-0.754,3.265,-1.506,-1.754,2.156,-1.51,-2.0,-1.52,-2.0,-3.0,2.253,-3.0,0.22,-1.754,2.857,3.982,-1.751,1.5,-3.0,0.237,-1.0,0.0,-3.0,-0.552,1.312,-1.0,0.0,0.24,0.479,1.239,4.331,0.0,1.228,1.234,-1.0,-1.0,0.0,0.0,-1.0,-1.0,0.0,1.249,-2.0,0.0,0.0,1.248,-2.0,5.243,1.24,0.233,-3.0,0.25,1.484,1.477,6.206,-3.753,0.745,-0.538,7.355,4.659,-0.521,-2.438,-2.757,2.743,-1.77,-5.0,0.474,1.728,-2.761,-4.751,-0.509,1.721,2.602,-0.508,5.93,7.71,0.73,-2.753,-2.752,0.49,-3.754,-0.525,-3.756,1.735,3.738,3.096,-4.0,0.24,2.978,1.496,0.0,0.0,0.0,0.0,0.0,0.0,0.0,0.0,0.0,0.0
BtcGF,BTCUSDc,10,5.9647,8.947,4,0.3126,245.5,411,28.4672,1,15,0,0.015,1.5,2.0,0.0,0.5,16385,1,-13.018,8,0,1,10,0.3,2,8.014,0.933,5.964,3.952,0.963,-1.0,-3.0,2.665,-0.015,-3.0,1.994,1.954,-3.0,-2.007,-0.008,-3.0,-3.999,4.983,1.993,-1.008,-0.013,-3.016,-1.022,-1.002,10.184,-0.024,2.319,-1.009,-0.001,-3.001,1.479,-1.0,-3.0,0.382,-3.01,-1.007,-4.0,20.96,-2.0,-2.028,-2.0,-3.0,5.73,-3.0,-1.0,-4.0,2.752,3.977,-1.002,2.998,-3.0,0.98,-1.0,0.0,-3.0,0.989,-2.0,-1.0,0.0,-1.0,1.968,-1.0,7.405,0.0,-1.0,-1.0,-1.0,-1.0,0.0,0.0,-1.0,-1.0,0.0,1.999,-2.0,0.0,0.0,-1.0,-2.0,-0.008,-1.0,-2.0,-3.0,1.337,4.531,2.966,-1.013,1.994,2.991,-2.016,-0.008,0.979,-1.022,-7.0,-2.011,-0.003,-4.0,-5.0,1.966,4.953,-2.018,-4.002,0.986,3.953,4.725,-5.0,0.983,21.365,-0.908,-0.014,-4.0,1.984,-3.006,-1.033,-6.0,-4.0,-0.07,-3.0,-2.004,-1.015,7.973,2.994,0.0,0.0,0.0,0.0,0.0,0.0,0.0,0.0,0.0,0.0
BtcGF,BTCUSDc,7,2.9213,8.764,2,0.3673,153.94,429,35.6643,1,15,0,0.015,2.0,1.5,0.0,0.5,16385,1,-4.727,9,0,1,10,0.3,2,-4.926,13.69,4.472,2.97,-0.028,-1.0,-3.0,0.993,2.976,-3.0,1.496,0.961,-0.508,-2.505,-0.506,-3.0,-1.521,3.482,0.995,0.989,-1.009,-1.028,1.464,-1.501,2.682,-1.018,1.153,-1.507,-0.5,-3.5,-0.646,-1.5,-0.505,2.05,-3.507,-1.505,-4.0,13.478,-2.0,-1.024,-2.0,-3.0,3.422,-3.0,-1.0,-4.0,3.816,4.978,-1.501,2.0,-3.0,0.485,-1.0,0.0,-3.0,0.938,2.099,-1.0,0.0,-1.0,0.975,-1.0,5.356,0.0,-1.0,1.48,-1.0,-1.0,0.0,0.0,-1.0,-1.0,0.0,1.499,-2.0,0.0,0.0,1.498,-2.0,-0.506,1.488,3.639,-3.0,0.5,3.338,1.973,4.959,0.027,1.494,-2.512,9.478,6.37,-1.516,-1.744,-2.508,-0.503,-4.0,-5.0,0.971,2.46,-2.513,-4.501,-0.011,2.465,1.812,-2.507,7.537,10.602,-1.018,-2.504,-2.502,0.988,-3.504,-2.527,-6.0,-4.0,5.199,-1.503,-4.0,0.488,3.972,1.995,0.0,0.0,0.0,0.0,0.0,0.0,0.0,0.0,0.0,0.0
BtcGF,BTCUSDc,8,9.3495,18.699,3,0.9405,94.8,415,31.5663,1,15,0,0.015,1.5,1.75,0.0,0.5,16385,1,0.972,11,0,1,10,0.3,2,8.231,10.468,5.219,3.465,0.467,-1.0,-3.0,1.492,-0.514,-3.0,1.745,1.457,-3.0,-2.256,-0.257,-3.0,-3.999,4.229,1.494,-1.257,-0.511,-3.264,5.705,-1.252,5.35,-0.52,1.742,-1.258,-0.25,-3.251,-0.084,-1.25,-3.0,1.341,-3.259,-1.256,-4.0,15.472,-2.0,-2.275,-2.0,-3.0,4.591,-3.0,-1.0,-4.0,5.78,5.974,-1.251,2.498,-3.0,0.732,-1.0,0.0,-3.0,0.74,8.23,-1.0,0.0,-1.0,1.472,-1.0,6.38,0.0,-1.0,1.727,-1.0,-1.0,0.0,0.0,-1.0,-1.0,0.0,1.749,-2.0,0.0,0.0,-1.0,-2.0,-0.257,1.736,-2.0,-3.0,0.736,3.935,2.47,1.468,0.511,2.244,-2.264,8.84,0.46,-1.269,-1.049,-2.259,-0.253,-4.0,-5.0,1.469,4.205,-2.266,-4.251,0.487,3.208,3.269,-5.0,0.485,15.425,-1.262,-0.512,-1.252,1.486,-3.255,-1.28,-6.0,-4.0,7.661,-3.0,-2.253,0.737,4.968,2.494,0.0,0.0,0.0,0.0,0.0,0.0,0.0,0.0,0.0,0.0
BtcGF,BTCUSDc,6,2.9213,8.764,2,0.3673,153.94,429,35.6643,1,15,0,0.015,1.5,1.5,0.0,0.5,16385,1,-4.727,9,0,1,10,0.3,2,-4.926,13.69,4.472,2.97,-0.028,-1.0,-3.0,0.993,2.976,-3.0,1.496,0.961,-0.508,-2.505,-0.506,-3.0,-1.521,3.482,0.995,0.989,-1.009,-1.028,1.464,-1.501,2.682,-1.018,1.153,-1.507,-0.5,-3.5,-0.646,-1.5,-0.505,2.05,-3.507,-1.505,-4.0,13.478,-2.0,-1.024,-2.0,-3.0,3.422,-3.0,-1.0,-4.0,3.816,4.978,-1.501,2.0,-3.0,0.485,-1.0,0.0,-3.0,0.938,2.099,-1.0,0.0,-1.0,0.975,-1.0,5.356,0.0,-1.0,1.48,-1.0,-1.0,0.0,0.0,-1.0,-1.0,0.0,1.499,-2.0,0.0,0.0,1.498,-2.0,-0.506,1.488,3.639,-3.0,0.5,3.338,1.973,4.959,0.027,1.494,-2.512,9.478,6.37,-1.516,-1.744,-2.508,-0.503,-4.0,-5.0,0.971,2.46,-2.513,-4.501,-0.011,2.465,1.812,-2.507,7.537,10.602,-1.018,-2.504,-2.502,0.988,-3.504,-2.527,-6.0,-4.0,5.199,-1.503,-4.0,0.488,3.972,1.995,0.0,0.0,0.0,0.0,0.0,0.0,0.0,0.0,0.0,0.0
BtcGF,BTCUSDc,9,9.3495,18.699,3,0.9405,94.8,415,31.5663,1,15,0,0.015,2.0,1.75,0.0,0.5,16385,1,0.972,11,0,1,10,0.3,2,8.231,10.468,5.219,3.465,0.467,-1.0,-3.0,1.492,-0.514,-3.0,1.745,1.457,-3.0,-2.256,-0.257,-3.0,-3.999,4.229,1.494,-1.257,-0.511,-3.264,5.705,-1.252,5.35,-0.52,1.742,-1.258,-0.25,-3.251,-0.084,-1.25,-3.0,1.341,-3.259,-1.256,-4.0,15.472,-2.0,-2.275,-2.0,-3.0,4.591,-3.0,-1.0,-4.0,5.78,5.974,-1.251,2.498,-3.0,0.732,-1.0,0.0,-3.0,0.74,8.23,-1.0,0.0,-1.0,1.472,-1.0,6.38,0.0,-1.0,1.727,-1.0,-1.0,0.0,0.0,-1.0,-1.0,0.0,1.749,-2.0,0.0,0.0,-1.0,-2.0,-0.257,1.736,-2.0,-3.0,0.736,3.935,2.47,1.468,0.511,2.244,-2.264,8.84,0.46,-1.269,-1.049,-2.259,-0.253,-4.0,-5.0,1.469,4.205,-2.266,-4.251,0.487,3.208,3.269,-5.0,0.485,15.425,-1.262,-0.512,-1.252,1.486,-3.255,-1.28,-6.0,-4.0,7.661,-3.0,-2.253,0.737,4.968,2.494,0.0,0.0,0.0,0.0,0.0,0.0,0.0,0.0,0.0,0.0
BtcGF,BTCUSDc,11,5.9647,8.947,4,0.3126,245.5,411,28.4672,1,15,0,0.015,2.0,2.0,0.0,0.5,16385,1,-13.018,8,0,1,10,0.3,2,8.014,0.933,5.964,3.952,0.963,-1.0,-3.0,2.665,-0.015,-3.0,1.994,1.954,-3.0,-2.007,-0.008,-3.0,-3.999,4.983,1.993,-1.008,-0.013,-3.016,-1.022,-1.002,10.184,-0.024,2.319,-1.009,-0.001,-3.001,1.479,-1.0,-3.0,0.382,-3.01,-1.007,-4.0,20.96,-2.0,-2.028,-2.0,-3.0,5.73,-3.0,-1.0,-4.0,2.752,3.977,-1.002,2.998,-3.0,0.98,-1.0,0.0,-3.0,0.989,-2.0,-1.0,0.0,-1.0,1.968,-1.0,7.405,0.0,-1.0,-1.0,-1.0,-1.0,0.0,0.0,-1.0,-1.0,0.0,1.999,-2.0,0.0,0.0,-1.0,-2.0,-0.008,-1.0,-2.0,-3.0,1.337,4.531,2.966,-1.013,1.994,2.991,-2.016,-0.008,0.979,-1.022,-7.0,-2.011,-0.003,-4.0,-5.0,1.966,4.953,-2.018,-4.002,0.986,3.953,4.725,-5.0,0.983,21.365,-0.908,-0.014,-4.0,1.984,-3.006,-1.033,-6.0,-4.0,-0.07,-3.0,-2.004,-1.015,7.973,2.994,0.0,0.0,0.0,0.0,0.0,0.0,0.0,0.0,0.0,0.0
