leg,sym,pass,score,nbpR,segpos,rf,oneop,ops,win,sizing,smaP,slowP,mult,step,tpR,trailR,half,mgmtTF,stack,extop1R,nmonster,addtrig,lineplace,nback,buffer,w0,w1,w2,w3,w4,w5,w6,w7,w8,w9,w10,w11,w12,w13,w14,w15,w16,w17,w18,w19,w20,w21,w22,w23,w24,w25,w26,w27,w28,w29,w30,w31,w32,w33,w34,w35,w36,w37,w38,w39,w40,w41,w42,w43,w44,w45,w46,w47,w48,w49,w50,w51,w52,w53,w54,w55,w56,w57,w58,w59,w60,w61,w62,w63,w64,w65,w66,w67,w68,w69,w70,w71,w72,w73,w74,w75,w76,w77,w78,w79,w80,w81,w82,w83,w84,w85,w86,w87,w88,w89,w90,w91,w92,w93,w94,w95,w96,w97,w98,w99,w100,w101,w102,w103,w104,w105,w106,w107,w108,w109,w110,w111,w112,w113,w114,w115,w116,w117,w118,w119,w120,w121,w122,w123,w124,w125,w126,w127,w128,w129
GoldGeo17,XAUUSDc,19,9.7575,19.515,3,1.1185,12.0,380,35.0,0,9,0,0.01,1.4,2.0,0.0,0.5,15,1,17.173,0,0,0,0,0.0,0.0,0.0,0.0,0.0,0.0,1.972,1.037,-2.0,-1.01,3.122,-3.0,3.963,0.99,0.0,-2.0,-4.0,0.89,-1.999,2.883,-3.0,-1.831,1.895,2.832,-1.0,0.12,-1.0,1.799,-0.179,-1.029,0.0,0.995,-1.956,-0.014,2.94,0.965,-0.04,0.986,1.014,1.847,0.97,-3.0,3.006,1.047,-1.0,-3.0,-3.0,-4.0,3.824,1.836,-2.014,3.043,2.848,-2.989,1.957,-1.0,-2.005,-4.0,-5.0,0.029,2.1,5.021,-0.033,-0.925,-0.062,-4.0,-0.984,1.928,3.094,0.991,-0.052,0.985,3.965,-1.999,0.977,-2.0,0.0,-2.0,-1.002,-2.005,-0.011,-0.925,-0.001,2.049,-0.009,1.005,0.007,-1.0,4.026,-0.907,6.256,-4.0,-0.987,0.996,-0.969,-1.943,-1.001,0.047,1.07,-1.977,5.002,0.0,2.988,-2.0,1.118,2.969,0.953,1.946,2.076,-2.0,5.381,-4.0,-2.999,1.955,4.127,0.14,2.039,-3.0,5.083,-3.0,1.268,0.0,0.0,0.0,0.0,0.0,0.0,0.0,0.0,0.0,0.0
GoldGeo17,XAUUSDc,14,1.4987,4.496,2,0.1693,130.96,387,32.8165,0,7,0,0.01,2.0,2.0,0.0,0.3,15,1,-1.392,1,0,0,0,0.0,0.0,0.0,0.0,0.0,0.0,1.972,1.051,-2.0,-0.95,3.196,-4.0,4.234,0.99,0.0,-3.0,-4.0,1.017,-1.0,0.947,-3.0,1.888,1.953,2.841,-2.0,-2.0,-1.0,1.894,-0.19,-1.013,0.045,1.169,-1.944,-0.014,3.246,1.094,-0.022,2.065,1.321,1.897,0.97,-3.0,3.016,1.082,-1.0,-3.0,-3.0,-4.0,2.896,2.229,-2.014,3.662,-0.004,-3.002,1.957,-1.0,-1.973,-4.0,-5.0,0.031,2.132,5.136,-1.009,-3.0,0.031,-4.0,-0.977,2.0,3.221,0.991,0.059,1.018,-0.009,-2.0,0.977,-2.0,-3.0,-2.0,-1.001,-2.005,0.059,0.45,-0.001,2.771,-0.009,0.994,0.007,-1.0,4.1,-0.942,6.303,-4.0,-0.987,0.12,-0.965,-1.97,-1.001,0.048,1.133,-1.984,5.002,0.0,2.985,-2.0,1.203,-0.076,0.953,1.946,2.076,-2.0,5.508,-5.0,-2.999,1.973,4.056,0.355,2.046,-3.999,5.046,-3.0,1.194,0.0,0.0,0.0,0.0,0.0,0.0,0.0,0.0,0.0,0.0
GoldGeo17,XAUUSDc,25,7.6185,15.237,3,0.6671,21.11,386,34.1969,0,5,0,0.01,1.8,2.0,0.0,0.5,15,1,12.021,0,0,0,0,0.0,0.0,0.0,0.0,0.0,0.0,1.972,1.069,-2.0,-1.01,3.069,-4.0,3.971,0.99,0.0,-1.999,-3.999,0.899,-0.999,3.681,-3.0,-1.323,1.939,2.852,-4.0,-0.016,0.985,1.786,-0.137,-1.021,0.108,1.02,-1.831,-0.014,2.947,1.031,-0.028,2.338,1.122,1.851,0.97,-3.0,3.153,1.024,-1.0,-3.0,-3.0,-4.0,2.895,2.012,-2.014,3.729,-0.004,-2.999,1.957,-1.0,-1.982,-4.0,-5.0,0.031,2.114,5.306,-1.005,-3.0,-0.062,-4.0,-0.996,1.971,3.061,0.991,-0.053,0.993,1.004,-2.0,2.985,-2.0,0.0,-3.0,-1.002,-2.005,0.044,0.216,0.016,2.467,-0.009,0.994,0.007,-1.0,4.076,-0.625,6.343,-4.0,-0.987,1.009,-0.974,-1.936,-1.063,0.048,1.099,-1.982,5.044,0.0,3.105,-2.0,1.114,2.949,0.953,2.009,2.115,-2.0,5.348,-5.0,-3.0,2.016,4.0,0.067,2.069,-3.0,5.02,-3.0,1.358,0.0,0.0,0.0,0.0,0.0,0.0,0.0,0.0,0.0,0.0
GoldGeo17,XAUUSDc,27,14.1973,21.296,4,1.1871,14.78,378,34.9206,0,9,0,0.01,1.8,2.0,0.0,0.5,15,1,18.149,0,0,0,0,0.0,0.0,0.0,0.0,0.0,0.0,1.972,1.109,-2.0,-1.01,3.221,-2.999,3.963,0.99,0.0,-1.999,-4.0,0.915,-1.0,3.683,-3.0,-1.533,1.911,2.832,-1.0,1.147,-1.0,1.833,-0.169,-1.029,0.008,1.105,-1.944,-0.014,3.06,0.985,-0.028,2.343,1.014,1.881,0.971,-3.0,3.032,1.066,-1.0,-3.0,-3.0,-4.0,3.928,1.89,-2.014,3.159,2.881,-2.978,1.957,-1.0,-2.001,-4.0,-5.0,0.029,2.109,5.021,-0.033,-0.925,-0.062,-4.0,-0.984,1.928,3.117,0.991,0.002,0.985,0.986,-1.999,0.977,-2.0,-1.0,-2.0,-1.002,-2.005,-0.011,-0.89,-0.001,2.063,-0.009,1.04,0.007,-1.0,4.026,-0.883,6.332,-4.0,-0.987,0.996,-0.969,-1.943,-1.001,0.047,1.077,-1.977,5.002,0.0,2.988,-2.0,1.118,2.969,0.953,1.946,2.076,-2.0,5.381,-4.0,-3.0,1.955,4.127,0.168,2.039,-3.0,5.083,-3.0,1.301,0.0,0.0,0.0,0.0,0.0,0.0,0.0,0.0,0.0,0.0
GoldGeo17,XAUUSDc,46,7.254,10.881,4,0.3163,61.02,347,24.2075,0,7,0,0.01,2.0,3.0,0.0,0.3,15,1,4.241,1,0,0,0,0.0,0.0,0.0,0.0,0.0,0.0,0.0,6.221,-2.0,-2.0,2.697,-4.0,-0.001,1.986,0.0,-3.0,-4.0,2.305,-1.0,2.231,-3.0,-4.0,0.04,1.914,2.034,-2.0,-1.0,1.385,3.87,1.152,-2.0,2.438,0.0,2.297,2.371,-0.016,2.217,3.462,3.732,3.972,0.003,-3.0,5.479,2.138,-1.0,-3.0,-3.0,-4.0,3.968,-2.905,-5.0,0.343,-3.0,-6.0,4.058,-1.0,0.142,-4.0,-5.0,2.283,3.647,5.263,-3.0,-3.0,-2.0,0.06,0.075,-3.0,-1.0,1.007,2.64,2.067,1.011,-2.0,1.941,-2.0,-3.0,-2.0,-0.002,-1.007,1.368,-3.0,1.0,4.879,-3.0,2.624,1.04,-1.0,8.222,0.117,10.063,-4.0,0.026,-3.999,0.141,-5.0,1.175,1.079,-3.0,-0.959,5.292,0.0,6.213,-2.0,2.381,-2.0,5.97,1.243,4.219,-2.0,2.641,-5.0,-2.999,1.021,0.107,-3.0,-3.0,0.175,2.913,-4.0,3.411,0.0,0.0,0.0,0.0,0.0,0.0,0.0,0.0,0.0,0.0
GoldGeo17,XAUUSDc,28,13.4842,16.181,5,0.8285,21.09,393,33.5878,0,3,0,0.01,2.0,2.0,0.0,0.5,15,1,12.768,0,0,0,0,0.0,0.0,0.0,0.0,0.0,0.0,1.972,1.11,-2.0,-1.01,3.304,-3.999,4.314,0.99,-2.0,0.016,-3.0,1.015,-1.0,3.873,-3.0,-0.587,2.305,3.087,-4.0,-0.011,-0.015,2.02,-0.128,-0.919,0.185,0.996,-1.53,-0.014,3.399,1.571,-0.989,2.532,1.208,1.885,0.971,-3.0,3.283,1.025,-1.0,-3.0,-3.0,-4.0,2.896,2.157,-2.014,4.436,-0.004,-3.002,2.001,-1.0,-1.876,-4.0,-5.0,0.094,2.092,5.087,0.091,-0.529,-0.026,-4.0,-0.946,2.123,3.232,0.991,0.149,1.017,0.004,-2.0,3.01,-2.0,0.0,-3.0,-1.002,-2.005,0.185,-4.0,0.016,3.224,-0.009,1.053,0.04,-1.0,4.092,-1.004,7.275,-4.0,-0.981,1.597,-0.943,-1.955,-0.91,0.011,1.128,-1.948,5.006,0.0,3.252,-2.0,1.139,-0.076,0.953,2.029,2.229,-2.0,5.255,-6.0,-3.0,2.066,4.154,0.018,2.07,-3.999,5.013,-3.0,1.366,0.0,0.0,0.0,0.0,0.0,0.0,0.0,0.0,0.0,0.0
GoldGeo17,XAUUSDc,45,9.654,14.481,4,0.4316,56.42,360,23.6111,0,5,0,0.01,2.0,3.0,0.0,0.3,15,1,6.311,5,0,0,0,0.0,0.0,0.0,0.0,0.0,0.0,0.0,6.83,-2.0,-2.0,2.226,-4.0,4.489,1.986,0.0,-3.0,-4.0,2.054,-1.0,5.944,-3.0,-4.0,-0.028,1.985,0.035,1.185,-3.0,-3.0,0.934,1.15,-1.999,2.349,-4.0,-1.999,-0.04,-0.016,2.562,6.812,3.592,3.933,0.003,-3.0,7.954,2.077,-1.0,-3.0,-3.0,-4.0,3.972,-2.982,-5.0,0.673,-3.0,-6.0,3.978,-1.0,0.392,-4.0,-5.0,2.283,3.646,5.183,-3.0,-4.0,-2.0,0.148,0.065,-3.0,-1.0,1.093,-0.092,2.067,1.057,-2.0,5.073,-2.0,-2.0,-2.0,-0.002,-1.007,1.369,-4.0,1.17,6.416,-3.0,2.689,1.04,-1.0,8.225,1.136,8.169,-4.0,0.026,-4.0,0.288,-5.0,1.116,1.079,-3.0,-0.956,5.702,0.0,6.479,-2.0,2.376,3.106,1.968,2.84,4.284,-2.0,3.356,-5.0,-3.0,1.098,0.11,-2.0,-4.0,0.291,2.369,-4.0,7.17,0.0,0.0,0.0,0.0,0.0,0.0,0.0,0.0,0.0,0.0
GoldGeo17,XAUUSDc,26,8.718,13.077,4,0.709,19.1,380,34.2105,0,7,0,0.01,1.8,2.0,0.0,0.5,15,1,10.579,0,0,0,0,0.0,0.0,0.0,0.0,0.0,0.0,1.972,1.041,-2.0,-1.01,3.16,-3.0,4.002,0.99,0.0,-2.0,-4.0,0.967,-1.0,0.891,-3.0,-1.502,1.952,2.841,-1.0,-3.0,-1.0,1.854,-0.19,-1.022,0.038,1.109,-1.944,-0.014,3.12,0.985,-0.028,2.048,1.227,1.882,0.97,-3.0,3.004,1.064,-1.0,-3.0,-3.0,-4.0,2.896,2.028,-2.014,3.386,2.881,-3.002,1.957,-1.0,-1.982,-4.0,-5.0,0.031,2.115,5.067,-0.009,-0.83,-0.062,-4.0,-0.989,1.973,3.089,0.991,0.002,0.993,0.991,-2.0,0.977,-2.0,0.0,-3.0,-1.002,-2.005,0.044,-0.816,-0.001,2.253,-0.009,0.994,0.007,-1.0,4.1,-0.942,6.265,-4.0,-0.987,1.097,-1.03,-1.97,-1.001,0.048,1.04,-1.984,5.002,0.0,2.985,-2.0,1.118,3.011,0.953,1.946,2.076,-2.0,5.452,-5.0,-3.0,1.973,4.056,0.257,2.011,-3.0,5.046,-3.0,1.194,0.0,0.0,0.0,0.0,0.0,0.0,0.0,0.0,0.0,0.0
GoldGeo17,XAUUSDc,60,4.849,14.547,2,0.5091,69.78,361,22.7147,0,3,0,0.01,2.0,3.0,0.0,0.5,15,1,4.396,6,0,0,0,0.0,0.0,0.0,0.0,0.0,0.0,0.0,6.832,-2.0,-2.0,3.371,-3.999,0.013,1.986,-2.0,-3.0,-3.0,2.303,-1.0,6.656,-3.0,-4.0,-0.053,3.219,0.034,1.168,-3.0,-3.0,1.027,2.73,-2.999,2.311,-4.0,-1.999,-0.04,-0.016,1.328,5.237,4.462,3.996,0.029,-3.0,8.053,2.079,-1.0,-3.0,-3.0,-4.0,3.969,-2.621,-5.0,3.739,-3.0,-6.0,4.079,-1.0,0.982,-4.0,-5.0,2.594,3.921,5.254,-2.0,1.247,-2.0,-0.007,0.432,-3.0,-2.0,-1.0,-5.0,2.156,1.141,-2.0,5.543,-2.0,0.0,-3.0,-0.003,-1.007,1.848,-4.0,1.426,11.309,-3.0,-4.0,1.097,-1.0,8.431,0.028,7.303,-4.0,0.032,-2.0,0.351,-5.0,2.716,1.024,-3.0,-0.857,5.345,0.0,6.931,-2.0,2.316,-2.0,5.978,1.294,4.494,-2.0,2.624,-6.0,-3.0,1.196,0.043,-3.0,-3.0,0.292,2.166,-4.0,9.013,0.0,0.0,0.0,0.0,0.0,0.0,0.0,0.0,0.0,0.0
GoldGeo17,XAUUSDc,44,9.0245,18.049,3,0.6575,56.24,371,22.372,0,3,0,0.01,2.0,3.0,0.0,0.3,15,1,7.898,8,0,0,0,0.0,0.0,0.0,0.0,0.0,0.0,0.0,6.832,-2.0,-4.0,3.371,-4.0,0.014,1.986,-2.0,-3.0,-4.0,3.842,-0.999,6.656,-3.0,-5.0,-0.052,3.219,0.034,3.124,-3.0,-3.0,1.027,2.731,-2.999,2.311,-4.0,-1.999,-0.04,-1.016,1.767,5.237,4.462,3.996,0.029,-3.0,8.053,2.079,-1.0,-3.0,-3.0,-4.0,4.02,-2.056,-5.0,3.739,-3.0,-6.0,4.079,-1.0,0.982,-4.0,-5.0,2.594,3.921,5.325,-3.0,-3.0,-2.0,0.513,0.432,-3.0,-2.0,1.002,2.383,2.369,1.141,-2.0,5.543,-2.0,-1.0,-3.0,-0.002,-0.984,1.848,-4.0,1.426,11.309,-3.0,-4.0,1.24,-1.0,8.431,0.028,7.303,-4.0,0.032,-2.0,0.733,-5.0,2.716,1.024,-4.0,-0.857,5.613,0.0,6.931,-2.0,2.609,-3.0,6.128,1.294,4.494,-2.0,2.624,-6.0,-2.999,1.196,0.098,-3.0,-3.0,0.291,2.858,-4.0,9.013,0.0,0.0,0.0,0.0,0.0,0.0,0.0,0.0,0.0,0.0
GoldGeo17,XAUUSDc,62,12.6725,25.345,3,0.8206,26.2,334,25.1497,0,7,0,0.01,2.0,3.0,0.0,0.5,15,1,18.705,1,0,0,0,0.0,0.0,0.0,0.0,0.0,0.0,0.0,6.221,-2.0,-2.0,2.697,-3.0,-0.001,1.986,0.0,-3.0,-4.0,2.305,-1.0,2.231,-3.0,-3.0,0.039,1.914,2.034,-2.0,-1.0,1.385,3.87,1.152,-2.0,2.438,0.0,2.297,2.371,5.497,2.217,3.462,3.732,3.972,0.003,-3.0,5.479,2.138,-1.0,-3.0,-3.0,-4.0,3.968,-3.112,-5.0,0.343,-3.0,-6.0,4.058,-1.0,0.142,-4.0,-5.0,2.283,3.647,5.153,-2.0,0.643,-2.0,-0.086,0.075,-3.0,-1.0,-1.0,2.64,2.009,1.011,-2.0,1.941,-2.0,-1.0,-2.0,-0.003,-1.007,1.368,0.0,-3.0,4.879,-3.0,2.624,1.04,-1.0,8.222,0.117,10.063,-4.0,0.026,-3.0,0.038,-5.0,1.175,1.079,-2.0,-0.959,5.292,0.0,6.213,-2.0,2.249,3.076,1.968,1.243,4.219,-2.0,2.641,-5.0,-2.999,1.021,0.107,-3.0,-3.0,1.175,2.913,-4.0,3.411,0.0,0.0,0.0,0.0,0.0,0.0,0.0,0.0,0.0,0.0
GoldGeo17,XAUUSDc,24,5.63,11.26,3,0.4893,23.67,393,33.5878,0,3,0,0.01,1.8,2.0,0.0,0.5,15,1,8.595,0,0,0,0,0.0,0.0,0.0,0.0,0.0,0.0,1.972,1.07,-2.0,-1.01,3.216,-4.0,4.234,0.99,-2.0,0.016,-3.0,0.964,-2.0,3.078,-3.0,-1.345,2.153,3.005,-4.0,-0.017,-0.015,1.931,-0.137,-0.954,0.14,0.987,-1.692,-0.014,3.193,1.32,-1.007,2.315,1.141,1.867,0.97,-3.0,3.173,1.025,-1.0,-3.0,-3.0,-4.0,2.896,2.047,-2.014,3.797,-0.004,-3.002,1.988,-1.0,-1.915,-4.0,-5.0,0.088,2.075,5.087,0.071,-0.708,-0.026,-4.0,-0.965,2.053,3.175,0.991,0.054,1.008,0.004,-2.0,0.977,-2.0,0.0,-3.0,-1.002,-2.005,0.12,-4.0,0.016,2.72,-0.009,1.038,0.04,-1.0,4.092,-1.004,6.776,-4.0,-0.981,1.371,-0.957,-1.962,-0.918,0.011,1.097,-1.948,5.005,0.0,3.211,-2.0,1.139,3.11,0.953,2.029,2.195,-2.0,5.255,-5.0,-2.999,2.066,4.154,0.011,2.07,-4.0,5.013,-3.0,1.307,0.0,0.0,0.0,0.0,0.0,0.0,0.0,0.0,0.0,0.0
GoldGeo17,XAUUSDc,29,8.4055,16.811,3,0.7716,28.2,389,33.9332,0,5,0,0.01,2.0,2.0,0.0,0.5,15,1,12.07,0,0,0,0,0.0,0.0,0.0,0.0,0.0,0.0,1.972,1.109,-2.0,-1.01,3.074,-4.0,3.971,0.99,0.0,-3.0,-4.0,0.917,-1.0,3.718,-3.0,-0.739,1.948,2.852,-3.999,-0.01,-0.015,1.795,-0.128,-1.011,0.134,1.034,-1.775,-0.014,2.979,1.072,-0.022,2.568,1.183,1.86,0.97,-3.0,3.258,1.024,-1.0,-3.0,-3.0,-4.0,2.895,2.117,-2.014,4.345,-0.004,-2.999,1.957,-1.0,-1.973,-4.0,-5.0,0.031,2.131,5.498,-1.005,-3.0,-0.062,-4.0,-0.986,1.998,3.067,0.991,-0.014,0.993,0.004,-2.0,2.985,-2.0,-1.0,-2.0,-1.002,-2.005,0.059,1.741,0.016,2.759,-0.009,0.994,0.007,-1.0,4.076,-0.452,6.44,-4.0,-0.987,1.009,-0.974,-1.926,-1.063,0.048,1.13,-1.982,5.044,0.0,3.105,-2.0,1.114,2.949,0.953,2.009,2.115,-2.0,5.348,-5.0,-3.0,2.016,4.0,0.074,2.069,-2.999,5.02,-3.0,1.455,0.0,0.0,0.0,0.0,0.0,0.0,0.0,0.0,0.0,0.0
GoldGeo17,XAUUSDc,15,12.7213,19.082,4,0.7212,29.59,382,34.0314,0,9,0,0.01,2.0,2.0,0.0,0.3,15,1,13.435,1,0,0,0,0.0,0.0,0.0,0.0,0.0,0.0,1.972,1.153,-2.0,-0.95,3.261,-3.0,4.136,0.99,0.0,-2.0,-4.0,0.94,-0.999,3.72,-3.0,1.647,1.912,2.832,-1.0,2.535,-1.0,1.861,-0.169,-1.03,0.008,1.164,-1.944,-0.014,3.17,1.096,0.036,2.58,1.014,1.896,0.97,-3.0,3.044,1.085,-1.0,-3.0,-3.0,-4.0,2.888,1.981,-2.014,3.274,-0.004,-2.978,1.957,-1.0,-1.998,-4.0,-5.0,0.029,2.126,5.096,-1.033,-3.0,-0.017,-4.0,-0.971,1.942,3.139,0.991,0.058,0.985,0.986,-1.999,0.977,-2.0,-3.0,-2.0,-1.001,-2.005,-0.011,-0.199,-0.001,2.191,-0.009,1.064,0.007,-1.0,4.026,-0.859,6.407,-4.0,-0.987,0.996,-0.884,-1.936,-1.001,0.047,1.419,-1.977,5.002,0.0,2.988,-2.0,1.203,3.107,0.953,1.946,2.076,-2.0,5.381,-5.0,-3.0,1.955,4.127,0.202,2.039,-3.0,5.083,-3.0,1.402,0.0,0.0,0.0,0.0,0.0,0.0,0.0,0.0,0.0,0.0
GoldGeo17,XAUUSDc,59,15.2013,22.802,4,0.6333,36.55,332,25.0,0,9,0,0.01,1.8,3.0,0.0,0.5,15,1,14.467,3,0,0,0,0.0,0.0,0.0,0.0,0.0,0.0,0.0,6.363,-2.0,-2.0,2.517,-2.999,-0.001,1.986,0.0,-1.999,-4.0,2.012,-1.0,5.808,-3.0,-3.0,-0.028,1.88,3.037,6.335,-1.0,-3.0,0.853,1.087,-2.0,2.304,-4.0,-2.0,0.074,5.268,2.133,4.129,2.128,3.939,0.004,-3.0,5.22,2.157,-1.0,-3.0,-3.0,-4.0,5.439,-3.153,-5.0,0.035,-2.0,-6.0,3.981,-1.0,-0.029,-4.0,-5.0,2.14,3.332,5.067,-2.0,0.212,-2.0,-0.026,0.052,-3.0,-1.0,-1.0,-5.0,1.985,2.009,-1.999,1.955,-2.0,-1.0,-2.0,-0.003,-1.007,1.1,0.0,5.541,4.095,-3.0,4.444,1.04,-1.0,8.116,0.226,10.101,-4.0,0.026,-3.0,0.136,-4.999,1.055,1.078,-1.0,-0.952,5.207,0.0,6.14,-2.0,2.249,2.25,1.929,1.154,4.219,-2.0,1.772,-4.0,-3.0,0.969,0.024,-1.999,-4.0,1.586,2.513,-4.0,3.585,0.0,0.0,0.0,0.0,0.0,0.0,0.0,0.0,0.0,0.0
GoldGeo17,XAUUSDc,22,19.9042,23.885,5,1.3239,20.91,380,35.0,0,7,0,0.01,1.6,2.0,0.0,0.5,15,1,18.891,0,0,0,0,0.0,0.0,0.0,0.0,0.0,0.0,1.972,1.024,-2.0,-1.01,3.102,-3.0,3.983,0.99,0.0,-2.0,-4.0,0.928,-1.0,3.832,-3.0,-1.682,1.926,2.841,-1.0,2.994,-1.0,1.824,-0.19,-1.022,0.03,1.034,-1.956,-0.014,3.026,0.977,-0.035,2.048,1.148,1.871,0.97,-3.0,3.004,1.064,-1.0,-3.0,-3.0,-4.0,2.896,1.951,-2.014,3.226,2.866,-3.002,1.957,-1.0,-1.99,-4.0,-5.0,0.031,2.106,5.067,-0.009,-0.858,-0.062,-4.0,-0.989,1.96,3.089,0.991,-0.029,0.993,4.203,-2.0,0.977,-2.0,0.0,-3.0,-1.002,-2.005,0.029,-0.881,-0.001,2.164,-0.009,0.994,0.007,-1.0,4.1,-0.942,6.23,-4.0,-0.987,1.073,-1.03,-1.97,-1.001,0.048,1.036,-1.984,5.002,0.0,2.985,-2.0,1.118,2.989,0.953,1.946,2.076,-2.0,5.452,-5.0,-3.0,1.973,4.044,0.188,2.011,-3.0,5.046,-3.0,1.194,0.0,0.0,0.0,0.0,0.0,0.0,0.0,0.0,0.0,0.0
GoldGeo17,XAUUSDc,58,10.1087,15.163,4,0.403,27.42,330,25.1515,0,7,0,0.01,1.8,3.0,0.0,0.5,15,1,11.006,0,0,0,0,0.0,0.0,0.0,0.0,0.0,0.0,0.0,6.156,-2.0,-2.0,2.483,-3.0,-0.001,1.986,0.0,-2.0,-4.0,2.166,-1.0,2.072,-3.0,-3.0,0.039,1.914,3.034,-3.0,-1.0,2.175,3.864,1.095,-1.999,2.308,0.0,2.221,2.232,5.267,2.133,3.29,3.007,3.94,0.003,-3.0,5.293,2.108,-1.0,-3.0,-3.0,-4.0,3.96,-3.113,-5.0,0.234,-3.0,-6.0,4.047,-1.0,0.07,-4.0,-5.0,2.224,3.464,5.153,-2.0,0.427,-2.0,-0.086,0.047,-3.0,-1.0,-1.0,-5.0,2.002,2.011,-2.0,1.941,-2.0,0.0,-3.0,-0.003,-1.007,1.247,0.0,-2.0,4.582,-3.0,1.89,1.04,-1.0,8.222,0.117,9.765,-4.0,0.026,-3.0,0.038,-5.0,1.137,1.079,-2.0,-0.959,5.272,0.0,6.202,-2.0,2.249,2.677,1.968,1.243,4.219,-2.0,2.157,-5.0,-3.0,1.021,0.106,-3.0,-3.0,1.174,2.59,-4.0,2.944,0.0,0.0,0.0,0.0,0.0,0.0,0.0,0.0,0.0,0.0
GoldGeo17,XAUUSDc,30,8.1113,12.167,4,0.6481,23.49,383,33.9426,0,7,0,0.01,2.0,2.0,0.0,0.5,15,1,9.309,0,0,0,0,0.0,0.0,0.0,0.0,0.0,0.0,1.972,1.051,-2.0,-1.01,3.196,-3.0,4.002,0.99,0.0,-3.0,-4.0,1.017,-1.0,0.947,-3.0,-1.142,1.953,2.841,-2.0,-2.0,-1.0,1.894,-0.19,-1.013,0.045,1.169,-1.944,-0.014,3.246,0.999,-0.022,2.065,1.321,1.897,0.97,-3.0,3.016,1.082,-1.0,-3.0,-3.0,-4.0,2.896,2.139,-2.014,3.662,2.905,-3.002,1.957,-1.0,-1.973,-4.0,-5.0,0.031,2.132,5.067,-0.009,-0.742,-0.062,-4.0,-0.977,2.0,3.11,0.991,0.059,0.993,-0.009,-2.0,0.977,-2.0,-1.0,-2.0,-1.002,-2.005,0.059,-0.67,-0.001,2.366,-0.009,0.994,0.007,-1.0,4.1,-0.942,6.303,-4.0,-0.987,0.12,-1.03,-1.97,-1.001,0.048,1.046,-1.984,5.002,0.0,2.985,-2.0,1.118,3.031,0.953,1.946,2.076,-2.0,5.508,-5.0,-2.999,1.973,4.056,0.355,2.011,-2.999,5.046,-3.0,1.194,0.0,0.0,0.0,0.0,0.0,0.0,0.0,0.0,0.0,0.0
GoldGeo17,XAUUSDc,87,72.702,109.053,4,3.9764,85.99,281,19.573,0,9,0,0.01,1.6,4.0,0.0,0.5,15,1,15.276,8,0,0,0,0.0,0.0,0.0,0.0,0.0,0.0,0.0,0.377,-2.0,-2.0,4.85,-2.999,0.999,2.995,0.0,-2.0,-4.0,-2.0,-0.999,3.758,-3.0,-2.0,-3.0,-3.0,-1.0,-2.0,-1.0,-2.0,1.906,-1.999,-2.0,6.234,0.0,3.429,0.0,91.777,-3.0,5.088,3.395,6.086,1.015,-3.0,4.827,7.334,-1.0,-3.0,-3.0,-4.0,1.96,-0.119,-5.0,0.0,1.984,-6.0,4.244,-1.0,2.018,-4.0,-5.0,3.513,4.825,-1.0,0.0,-4.0,-2.0,1.063,2.087,-3.0,-1.0,-1.0,-5.0,2.939,5.532,-1.0,9.572,-2.0,0.0,-3.0,0.996,-4.0,6.139,0.0,-2.0,2.353,-3.0,7.795,2.072,-1.0,-0.999,-2.0,6.168,-4.0,1.041,-1.0,-3.0,4.203,0.931,2.268,-1.0,1.2,3.091,4.323,-0.118,-2.0,-1.0,7.858,2.959,2.326,2.178,-2.0,-2.0,-4.0,-2.999,-1.0,3.036,-1.999,-3.0,-1.0,3.536,-4.0,6.004,0.0,0.0,0.0,0.0,0.0,0.0,0.0,0.0,0.0,0.0
GoldGeo17,XAUUSDc,23,15.028,22.542,4,1.3037,10.79,378,35.1852,0,9,0,0.01,1.6,2.0,0.0,0.5,15,1,20.11,0,0,0,0,0.0,0.0,0.0,0.0,0.0,0.0,1.972,1.069,-2.0,-1.01,3.132,-2.999,3.963,0.99,0.0,-2.0,-4.0,0.895,-0.999,3.677,-3.0,-1.7,1.896,2.832,-1.0,0.432,-1.0,1.806,-0.169,-1.029,0.0,1.032,-1.956,-0.014,2.979,0.977,-0.035,2.238,1.014,1.87,0.97,-3.0,3.018,1.066,-1.0,-3.0,-3.0,-4.0,3.856,1.857,-2.014,3.091,2.866,-2.984,1.957,-1.0,-2.004,-4.0,-5.0,0.029,2.1,5.021,-0.033,-0.925,-0.062,-4.0,-0.984,1.928,3.11,0.991,-0.029,0.985,4.087,-1.999,0.977,-2.0,0.0,-3.0,-1.002,-2.005,-0.011,-0.916,-0.001,2.049,-0.009,1.017,0.007,-1.0,4.026,-0.907,6.274,-4.0,-0.987,0.996,-0.969,-1.943,-1.001,0.047,1.07,-1.977,5.002,0.0,2.988,-2.0,1.118,2.969,0.953,1.946,2.076,-2.0,5.381,-4.0,-2.999,1.955,4.127,0.14,2.039,-3.0,5.083,-3.0,1.268,0.0,0.0,0.0,0.0,0.0,0.0,0.0,0.0,0.0,0.0
GoldGeo17,XAUUSDc,13,10.4033,15.605,4,0.6166,48.11,392,33.4184,0,5,0,0.01,2.0,2.0,0.0,0.3,15,1,8.098,1,0,0,0,0.0,0.0,0.0,0.0,0.0,0.0,1.972,1.109,-2.0,-0.951,3.074,-4.0,4.958,0.99,0.0,-3.0,-4.0,0.917,-1.0,3.718,-3.0,3.507,1.947,2.852,-3.999,0.059,-0.015,1.796,-0.128,-1.011,0.134,1.034,-1.775,-0.014,3.144,1.58,0.036,2.568,1.183,1.86,0.97,-3.0,3.258,1.024,-1.0,-3.0,-3.0,-4.0,2.895,2.151,-2.014,4.345,-0.004,-2.999,1.957,-1.0,-1.973,-4.0,-5.0,0.031,2.131,5.573,-1.005,-4.0,0.074,-4.0,-0.986,1.998,3.142,0.991,0.042,1.018,0.004,-2.0,2.985,-2.0,-2.0,-2.0,-1.001,-2.005,0.059,-4.0,0.016,3.14,-0.009,0.994,0.007,-1.0,4.076,-0.452,6.44,-4.0,-0.987,1.009,-0.893,-1.926,-1.063,0.048,1.309,-1.982,5.154,0.0,3.105,-2.0,1.199,3.061,0.953,2.009,2.115,-2.0,5.348,-5.0,-3.0,2.016,4.098,0.074,2.065,-3.999,5.019,-3.0,1.455,0.0,0.0,0.0,0.0,0.0,0.0,0.0,0.0,0.0,0.0
GoldGeo17,XAUUSDc,92,-0.26,-0.78,2,-0.0159,0.0,335,12.2388,0,3,0,0.01,2.0,4.0,0.0,0.5,15,1,-36.261,14,0,0,0,0.0,0.0,0.0,0.0,0.0,0.0,0.0,0.13,-2.0,-2.0,21.714,-3.999,1.083,3.073,-2.0,-3.0,-3.0,-2.0,-1.0,-2.0,-3.0,-4.0,-3.0,-3.0,-4.0,-3.0,-3.0,-3.0,2.397,-2.0,-3.999,5.088,-4.0,-1.999,1.426,-2.0,-4.0,8.745,34.481,6.379,1.065,-3.0,-1.0,2.207,-1.0,-3.0,-3.0,-4.0,2.12,-6.0,-5.0,-4.0,-3.0,-6.0,-2.0,-1.0,4.217,-4.0,-5.0,13.374,26.663,-1.0,-1.0,-4.0,-2.0,1.28,3.131,-3.0,-2.0,-1.0,-5.0,4.449,-3.0,-2.0,22.984,-2.0,0.0,-3.0,0.996,-4.0,0.957,-4.0,-2.0,1.417,-3.0,-4.0,2.153,-1.0,-3.0,-2.0,6.334,-3.999,1.172,-1.0,-4.0,-5.0,11.267,2.079,-3.0,3.082,3.494,4.313,-0.103,-2.0,-1.0,3.242,-1.0,4.05,2.541,-2.0,-3.0,-6.0,-3.0,-1.0,2.923,-3.0,-3.0,-3.999,3.291,-4.0,-1.999,0.0,0.0,0.0,0.0,0.0,0.0,0.0,0.0,0.0,0.0
GoldGeo17,XAUUSDc,86,122.826,184.239,4,5.8926,86.71,283,19.0813,0,7,0,0.01,1.6,4.0,0.0,0.5,15,1,24.49,10,0,0,0,0.0,0.0,0.0,0.0,0.0,0.0,0.0,0.181,-2.0,-2.0,4.803,-3.0,0.957,2.995,0.0,-2.0,-4.0,-2.0,-1.0,3.993,-3.0,-2.0,-3.0,-3.0,-1.0,-2.0,-1.0,-2.0,1.843,-2.0,-2.0,8.348,0.0,3.288,0.0,157.749,-3.0,4.387,5.786,6.087,1.015,-3.0,4.507,7.214,-1.0,-3.0,-3.0,-4.0,1.998,0.307,-5.0,-1.0,-3.0,-6.0,4.555,-1.0,2.138,-4.0,-5.0,4.151,5.555,-1.0,0.0,-4.0,-2.0,0.94,2.09,-3.0,-1.0,-1.0,-5.0,3.003,19.193,-1.0,8.856,-2.0,0.0,-3.0,0.996,-4.0,6.481,0.0,-2.0,3.512,-3.0,3.883,2.072,-1.0,-0.999,-2.0,6.06,-4.0,1.086,-1.0,-3.0,4.071,0.94,2.154,-1.0,1.168,3.181,4.323,-0.118,-2.0,-1.0,8.297,3.033,2.752,2.178,-2.0,-2.0,-5.0,-3.0,-1.0,3.122,-2.0,-4.0,0.0,3.485,-4.0,5.623,0.0,0.0,0.0,0.0,0.0,0.0,0.0,0.0,0.0,0.0
GoldGeo17,XAUUSDc,18,18.13,21.756,5,1.2699,12.52,376,35.1064,0,7,0,0.01,1.4,2.0,0.0,0.5,15,1,19.032,0,0,0,0,0.0,0.0,0.0,0.0,0.0,0.0,1.972,1.011,-2.0,-1.01,3.09,-3.0,3.983,0.99,0.0,-2.0,-4.0,0.905,0.0,0.91,-3.0,-1.828,1.917,2.841,-1.0,0.724,-1.0,1.805,-0.19,-1.022,0.023,0.997,-1.956,-0.014,2.973,0.965,-0.04,0.998,1.121,1.848,0.97,-3.0,2.992,1.047,-1.0,-3.0,-3.0,-4.0,4.007,1.896,-2.014,3.132,2.848,-3.002,1.957,-1.0,-1.995,-4.0,-5.0,0.031,2.106,5.067,-0.009,-0.886,-0.062,-4.0,-0.989,1.946,3.082,0.991,-0.052,0.993,4.003,-2.0,0.977,-2.0,0.0,-1.0,-0.002,-2.005,0.029,-0.917,-0.001,2.101,-0.009,0.994,0.007,-1.0,4.1,-0.942,6.23,-4.0,-0.987,1.062,-1.03,-1.97,-1.001,0.048,1.035,-1.984,5.002,0.0,2.985,-2.0,1.118,2.989,0.953,1.946,2.076,-2.0,5.452,-5.0,-3.0,1.973,4.044,0.16,2.011,-3.0,5.046,-3.0,1.194,0.0,0.0,0.0,0.0,0.0,0.0,0.0,0.0,0.0,0.0
GoldGeo17,XAUUSDc,66,24.9927,37.489,4,1.2602,58.1,274,20.073,0,7,0,0.01,1.4,4.0,0.0,0.3,15,1,15.709,5,0,0,0,0.0,0.0,0.0,0.0,0.0,0.0,0.0,0.061,-2.0,-2.0,3.736,-3.0,0.949,2.995,0.0,-2.0,-3.999,-2.0,3.241,3.799,-3.0,-2.0,-2.999,-3.0,-1.0,-2.0,-1.0,-2.0,1.834,-2.0,4.891,5.098,0.0,3.204,0.0,19.78,-3.0,4.247,4.105,5.99,1.015,-3.0,4.24,7.144,-1.0,-3.0,-3.0,-4.0,1.998,0.456,-5.0,-1.0,-2.0,-5.0,4.097,-1.0,2.068,-4.0,-5.0,3.588,4.817,-1.0,0.0,-3.0,-2.0,1.14,2.087,-3.0,-1.0,-1.0,-5.0,3.055,6.835,-1.0,8.36,-2.0,0.0,-3.0,0.997,-4.0,6.265,0.0,-1.0,2.68,-3.0,2.818,2.072,-1.0,-0.999,-1.0,4.563,-2.999,1.063,-1.0,-3.0,4.207,0.94,2.154,-1.0,1.168,3.181,4.323,-0.118,-2.0,-1.0,8.47,3.033,2.544,2.178,-2.0,-2.0,-5.0,-3.0,-1.0,3.122,-2.0,-4.0,0.0,3.457,-4.0,4.538,0.0,0.0,0.0,0.0,0.0,0.0,0.0,0.0,0.0,0.0
GoldGeo17,XAUUSDc,63,6.9685,13.937,3,0.3567,109.69,341,24.0469,0,9,0,0.01,2.0,3.0,0.0,0.5,15,1,-1.351,2,0,0,0,0.0,0.0,0.0,0.0,0.0,0.0,0.0,6.566,-2.0,-2.0,2.735,-2.999,-0.001,1.986,0.0,-2.0,-4.0,2.076,-0.999,5.902,-3.0,-4.0,-0.028,1.88,3.037,13.288,-1.0,-3.0,0.853,1.135,-2.0,2.432,-4.0,-1.999,0.132,5.498,2.217,4.993,2.161,3.971,0.003,-3.0,5.315,2.212,-1.0,-3.0,-3.0,-4.0,3.917,-3.153,-5.0,0.056,-3.0,-6.0,3.981,-1.0,-0.003,-4.0,-5.0,2.162,3.415,5.067,-2.0,0.29,-2.0,-0.026,0.082,-3.0,-0.999,-1.0,-0.061,1.985,2.009,-1.999,1.96,-2.0,-3.0,-2.0,-0.003,-1.007,1.128,0.0,-3.0,4.13,-3.0,-4.0,1.04,-1.0,8.116,0.275,8.386,-4.0,0.026,-3.0,0.136,-5.0,1.055,1.078,-2.0,-0.952,5.207,0.0,6.14,-2.0,2.249,2.286,1.929,1.154,4.219,-2.0,1.966,-4.0,-3.0,0.969,0.024,-1.999,-4.0,1.798,2.783,-4.0,4.755,0.0,0.0,0.0,0.0,0.0,0.0,0.0,0.0,0.0,0.0
GoldGeo17,XAUUSDc,95,-8.042,-24.126,2,-0.5366,0.0,303,15.8416,0,9,0,0.01,2.0,4.0,0.0,0.5,15,1,-38.684,10,0,0,0,0.0,0.0,0.0,0.0,0.0,0.0,0.0,1.432,-2.0,-2.0,13.558,-2.999,1.034,2.995,0.0,-2.0,-4.0,-2.0,-0.999,3.932,-3.0,-4.0,-3.0,-3.0,-1.0,-2.0,-1.0,-3.0,1.932,-1.999,-3.0,-1.0,-4.0,-1.999,2.06,-2.0,-3.0,7.234,4.049,6.318,1.015,-3.0,7.136,7.728,-1.0,-3.0,-3.0,-4.0,1.977,-0.048,-5.0,-1.0,-2.0,-6.0,-1.0,-1.0,2.125,-4.0,-5.0,4.139,6.249,-1.0,-0.998,-4.0,-2.0,1.102,2.133,-3.0,-0.999,-1.0,-4.0,1.949,-2.0,-1.999,15.852,-2.0,-3.0,-2.0,0.996,-4.0,6.412,0.0,-3.0,2.766,-3.0,-4.0,2.072,-1.0,-0.999,-2.999,6.394,-4.0,1.041,-1.0,-3.0,4.321,0.931,2.426,-2.0,1.289,3.091,4.323,-0.118,-2.0,-1.0,8.092,2.959,2.372,2.178,-2.0,-2.0,-4.0,-3.0,-1.0,2.036,-1.999,-4.0,-1.999,4.38,-4.0,-2.0,0.0,0.0,0.0,0.0,0.0,0.0,0.0,0.0,0.0,0.0
GoldGeo17,XAUUSDc,56,-3.7845,-7.569,3,-0.1997,0.0,358,22.3464,0,3,0,0.01,1.8,3.0,0.0,0.5,15,1,-13.951,3,0,0,0,0.0,0.0,0.0,0.0,0.0,0.0,0.0,6.486,-2.0,-2.0,2.836,-4.0,0.013,1.986,-2.0,-3.0,-3.0,2.163,-2.0,1.738,-3.0,-3.0,-0.053,2.684,0.034,1.107,-3.0,-3.0,0.982,1.948,-2.0,2.211,-3.998,-1.999,-0.052,-0.016,1.204,4.24,3.285,3.952,0.028,-3.0,6.604,2.067,-1.0,-3.0,-3.0,-4.0,3.961,-2.815,-5.0,1.896,-3.0,-6.0,4.053,-1.0,0.554,-4.0,-5.0,2.432,3.589,5.254,-2.0,0.767,-2.0,-0.007,0.288,-3.0,-2.0,-1.0,-5.0,2.106,1.123,-2.0,1.933,-2.0,0.0,-3.0,-0.003,-1.007,1.525,-4.0,1.28,7.492,-3.0,-4.0,1.097,-1.0,8.391,0.028,8.303,-4.0,0.032,-2.0,0.243,-5.0,1.984,1.024,-3.0,-0.857,5.293,0.0,6.765,-2.0,2.316,5.23,1.968,1.272,4.434,-2.0,2.052,-5.0,-2.999,1.182,0.043,-2.0,-4.0,0.274,2.143,-4.0,5.342,0.0,0.0,0.0,0.0,0.0,0.0,0.0,0.0,0.0,0.0
GoldGeo17,XAUUSDc,47,2.2733,3.41,4,0.081,448.33,348,23.2759,0,9,0,0.01,2.0,3.0,0.0,0.3,15,1,-11.878,2,0,0,0,0.0,0.0,0.0,0.0,0.0,0.0,0.0,6.566,-2.0,-2.0,2.735,-3.0,-0.001,1.986,0.0,-2.0,-4.0,2.076,-0.999,5.902,-3.0,-4.0,-0.027,1.88,3.037,13.288,-1.0,-3.0,0.853,1.134,-2.0,2.432,-4.0,-1.999,0.132,-0.016,2.535,4.993,2.161,3.971,0.003,-3.0,5.315,2.212,-1.0,-3.0,-3.0,-4.0,3.917,-3.081,-5.0,0.056,-3.0,-6.0,3.981,-1.0,-0.003,-4.0,-5.0,2.162,3.415,5.182,-3.0,-3.0,-2.0,0.068,0.082,-3.0,-0.999,-1.0,-0.061,1.985,2.009,-1.999,1.96,-2.0,-3.0,-2.0,-0.002,-1.007,1.128,-3.0,0.999,4.13,-3.0,-4.0,1.04,-1.0,8.116,0.275,8.386,-4.0,0.026,-3.999,0.298,-5.0,1.055,1.078,-3.0,-0.952,5.207,0.0,6.14,-2.0,2.381,2.67,1.929,1.154,4.219,-2.0,1.966,-5.0,-3.0,0.969,0.024,-1.999,-4.0,1.798,2.783,-4.0,4.755,0.0,0.0,0.0,0.0,0.0,0.0,0.0,0.0,0.0,0.0
GoldGeo17,XAUUSDc,51,20.192,30.288,4,0.961,14.72,323,26.6254,0,9,0,0.01,1.4,3.0,0.0,0.5,15,1,25.829,0,0,0,0,0.0,0.0,0.0,0.0,0.0,0.0,0.0,6.107,-2.0,-2.0,2.21,-3.0,0.0,1.986,0.0,-2.0,-4.0,1.949,-1.999,1.128,-3.0,-2.0,-0.046,1.88,3.037,1.749,-1.0,2.032,3.841,1.035,-2.0,2.066,0.0,2.142,4.459,5.021,2.031,3.07,2.088,3.882,0.003,-3.0,5.073,2.101,-1.0,-3.0,-3.0,-4.0,5.001,-3.153,-5.0,0.035,-2.0,-6.0,3.981,-1.0,-0.064,-4.0,-5.0,2.14,3.257,5.067,-2.0,0.194,-2.0,-0.026,0.052,-3.0,-1.0,-1.0,-5.0,1.985,6.316,-1.999,1.949,-2.0,0.0,-2.0,-0.003,-1.007,1.072,0.0,2.464,4.061,-3.0,1.62,1.04,-1.0,8.116,0.176,9.567,-4.0,0.026,-3.0,0.136,-5.0,1.055,1.078,-1.0,-0.952,5.207,0.0,6.14,-2.0,2.249,2.213,1.929,1.154,4.219,-2.0,1.71,-4.0,-2.999,0.969,1.024,-1.999,-3.0,1.374,2.243,-4.0,2.826,0.0,0.0,0.0,0.0,0.0,0.0,0.0,0.0,0.0,0.0
GoldGeo17,XAUUSDc,67,15.8565,31.713,3,1.1759,49.11,276,20.2899,0,9,0,0.01,1.4,4.0,0.0,0.3,15,1,16.14,4,0,0,0,0.0,0.0,0.0,0.0,0.0,0.0,0.0,0.141,-2.0,-1.999,3.766,-3.0,0.973,2.995,0.0,-2.0,-4.0,-2.0,-1.999,3.031,-3.0,-2.0,-2.999,-3.0,-1.0,5.842,-1.0,-2.0,1.87,-2.0,4.377,4.643,0.0,3.275,0.0,13.573,-3.0,4.523,3.266,5.989,1.015,-3.0,4.356,7.237,-1.0,-3.0,-3.0,-4.0,1.96,0.022,-5.0,0.0,1.914,-6.0,3.992,-1.0,1.987,-4.0,-5.0,3.35,4.567,-1.0,0.0,-3.0,-2.0,1.153,2.087,-3.0,-1.0,-1.0,-5.0,2.939,3.912,-1.999,8.614,-2.0,0.0,-3.0,0.997,-4.0,6.104,0.0,-1.0,2.242,-3.0,3.861,2.072,-1.0,-0.999,-0.999,4.712,-2.998,1.041,-1.0,-3.0,4.339,0.931,2.217,-2.0,1.2,3.091,4.323,-0.118,-2.0,-1.0,8.198,2.959,2.326,2.178,-2.0,-2.0,-5.0,-2.999,-1.0,3.036,-1.999,-3.0,0.0,3.907,-4.0,4.718,0.0,0.0,0.0,0.0,0.0,0.0,0.0,0.0,0.0,0.0
GoldGeo17,XAUUSDc,16,22.5583,27.07,5,1.5906,17.64,375,35.2,0,3,0,0.01,1.4,2.0,0.0,0.5,15,1,22.296,0,0,0,0,0.0,0.0,0.0,0.0,0.0,0.0,1.972,1.007,-2.0,-1.01,3.097,-4.0,4.072,0.99,0.0,-2.0,-3.0,0.902,0.0,0.863,-3.0,-1.864,1.978,2.888,-1.0,2.774,-1.0,1.816,-0.163,-0.991,0.067,0.951,-1.871,-0.014,2.972,1.061,-0.029,2.116,1.066,1.846,0.97,-3.0,3.06,1.025,-1.0,-3.0,-3.0,-4.0,3.9,1.918,-2.014,3.243,2.84,-3.002,1.974,-1.0,-1.963,-4.0,-5.0,0.088,2.066,5.087,0.039,-0.877,-0.026,-4.0,-0.984,1.973,3.124,0.991,-0.037,1.006,4.122,-2.0,0.977,-2.0,0.0,0.0,-1.002,-2.005,0.054,-0.544,0.016,2.216,-0.009,1.026,0.04,-1.0,4.092,-1.004,6.348,-4.0,-0.981,1.132,-0.957,-1.962,-0.918,0.011,1.07,-1.948,5.005,0.0,3.211,-2.0,1.139,3.041,0.953,2.029,2.162,-2.0,5.255,-5.0,-3.0,2.066,4.154,0.011,2.07,-3.0,5.013,-3.0,1.29,0.0,0.0,0.0,0.0,0.0,0.0,0.0,0.0,0.0,0.0
GoldGeo17,XAUUSDc,31,17.7642,21.317,5,1.0342,21.27,381,34.6457,0,9,0,0.01,2.0,2.0,0.0,0.5,15,1,16.782,0,0,0,0,0.0,0.0,0.0,0.0,0.0,0.0,1.972,1.153,-2.0,-1.01,3.261,-2.999,3.963,0.99,0.0,-2.0,-4.0,0.94,-0.999,3.72,-3.0,-1.194,1.912,2.832,-1.0,2.535,-1.0,1.861,-0.169,-1.029,0.008,1.164,-1.944,-0.014,3.17,1.001,-0.022,2.58,1.014,1.896,0.97,-3.0,3.044,1.085,-1.0,-3.0,-3.0,-4.0,2.888,1.935,-2.014,3.274,2.905,-2.978,1.957,-1.0,-1.998,-4.0,-5.0,0.029,2.126,5.021,-0.033,-0.897,-0.062,-4.0,-0.971,1.942,3.139,0.991,0.058,0.985,0.986,-1.999,0.977,-2.0,-3.0,-2.0,-1.002,-2.005,-0.011,-0.826,-0.001,2.077,-0.009,1.064,0.007,-1.0,4.026,-0.859,6.407,-4.0,-0.987,0.996,-0.969,-1.936,-1.001,0.047,1.083,-1.977,5.002,0.0,2.988,-2.0,1.118,2.969,0.953,1.946,2.076,-2.0,5.381,-4.0,-3.0,1.955,4.127,0.202,2.039,-3.0,5.083,-3.0,1.402,0.0,0.0,0.0,0.0,0.0,0.0,0.0,0.0,0.0,0.0
GoldGeo17,XAUUSDc,57,0.17,0.34,3,0.009,1664.71,346,23.6994,0,5,0,0.01,1.8,3.0,0.0,0.5,15,1,-5.32,2,0,0,0,0.0,0.0,0.0,0.0,0.0,0.0,0.0,6.484,-2.0,-2.0,2.189,-4.0,-0.001,1.986,0.0,-1.999,-3.999,1.996,-0.999,5.837,-3.0,-3.0,-0.028,1.974,0.034,1.024,-2.0,-3.0,0.917,1.093,-2.0,2.244,-3.999,-2.0,-0.052,-0.016,2.141,5.004,2.902,3.905,0.003,-3.0,6.497,2.065,-1.0,-3.0,-3.0,-4.0,3.964,-3.094,-5.0,0.424,-3.0,-5.0,3.978,-1.0,0.22,-4.0,-5.0,2.224,3.463,5.068,-3.0,-3.0,-2.0,-0.086,0.039,-3.0,-0.999,-1.0,-5.0,2.002,2.057,-2.0,5.046,-2.0,0.0,-3.0,-0.003,-1.007,1.248,-3.0,1.127,5.375,-3.0,1.92,1.04,-1.0,8.225,0.762,8.169,-4.0,0.026,-3.0,0.132,-5.0,1.078,1.079,-3.0,-0.956,5.338,0.0,6.468,-2.0,2.244,2.34,1.968,2.157,4.284,-2.0,2.467,-5.0,-3.0,1.098,1.051,-2.0,-3.0,1.273,2.269,-4.0,4.66,0.0,0.0,0.0,0.0,0.0,0.0,0.0,0.0,0.0,0.0
GoldGeo17,XAUUSDc,77,45.6273,68.441,4,1.4651,65.33,323,15.4799,0,5,0,0.01,2.0,4.0,0.0,0.3,15,1,23.726,14,0,0,0,0.0,0.0,0.0,0.0,0.0,0.0,0.0,0.897,-2.0,-2.0,11.398,-4.0,0.965,2.994,0.0,-3.0,-4.0,-2.0,-1.0,4.033,-3.0,-4.0,-3.0,-3.0,-3.999,-2.0,-3.0,-3.0,2.11,-2.0,-4.0,-1.0,-4.0,-1.999,1.183,-2.0,-3.0,10.321,12.242,6.146,1.015,-3.0,-1.0,7.415,-1.0,-3.0,-3.0,-4.0,2.052,7.567,-5.0,-4.0,-3.0,-6.0,4.103,-1.0,2.991,-4.0,-5.0,4.514,44.715,-1.0,-1.0,-4.0,-2.0,1.638,2.131,-3.0,-1.0,2.229,-4.0,2.538,-3.0,-2.0,11.665,-2.0,-2.0,-2.0,0.997,-4.0,7.685,-4.0,-2.0,14.805,-3.0,21.522,2.072,-1.0,-1.0,-3.0,6.199,-4.0,1.152,-1.0,-3.0,4.679,0.954,2.192,-3.0,1.292,4.164,4.314,-0.143,-2.0,-1.0,10.13,3.033,19.329,2.27,-2.0,-2.0,-5.0,-3.0,-1.0,2.281,-2.0,-4.0,-2.999,3.649,-4.0,-2.0,0.0,0.0,0.0,0.0,0.0,0.0,0.0,0.0,0.0,0.0
GoldGeo17,XAUUSDc,49,37.8,45.36,5,1.5719,22.9,322,26.7081,0,5,0,0.01,1.4,3.0,0.0,0.5,15,1,34.974,2,0,0,0,0.0,0.0,0.0,0.0,0.0,0.0,0.0,6.116,-2.0,-2.0,2.104,-3.0,-0.001,1.986,0.0,-1.999,-4.0,1.94,-2.0,1.066,-3.0,-2.0,-0.046,1.92,3.034,8.386,-1.0,2.104,3.899,1.043,-2.0,2.04,0.0,2.307,3.209,5.197,2.035,3.477,2.282,3.875,0.003,-3.0,5.306,2.053,-1.0,-2.999,-3.0,-4.0,5.916,-3.103,-5.0,0.185,-2.0,-5.0,3.978,-1.0,0.02,-4.0,-5.0,2.181,3.287,5.068,-2.0,0.657,-2.0,-0.086,0.039,-3.0,-1.0,-1.0,-5.0,2.002,7.448,-2.0,1.929,-2.0,0.0,-1.0,0.997,-1.007,1.126,0.0,5.875,4.32,-3.0,1.282,1.04,-1.0,8.225,0.334,9.637,-4.0,0.026,-3.0,0.132,-5.0,1.054,1.079,-2.0,-0.956,5.282,0.0,6.456,-2.0,2.244,2.228,1.968,1.474,4.284,-2.0,1.805,-5.0,-3.0,1.098,1.051,-2.0,-3.0,1.255,2.167,-4.0,3.026,0.0,0.0,0.0,0.0,0.0,0.0,0.0,0.0,0.0,0.0
GoldGeo17,XAUUSDc,37,37.6187,56.428,4,1.5737,84.36,343,24.4898,0,5,0,0.01,1.6,3.0,0.0,0.3,15,1,8.828,2,0,0,0,0.0,0.0,0.0,0.0,0.0,0.0,0.0,6.261,-2.0,-1.999,2.113,-4.0,0.0,1.986,0.0,-2.0,-4.0,1.958,-0.998,5.8,-3.0,-3.0,-0.046,1.931,3.034,45.6,-3.0,2.417,3.988,1.062,-2.0,2.104,-4.0,-2.0,-0.052,-0.016,2.191,4.052,2.492,3.893,0.003,-3.0,5.731,2.065,-1.0,-2.999,-3.0,-4.0,3.946,-3.048,-5.0,0.278,-3.0,-5.0,3.978,-1.0,0.096,-4.0,-5.0,2.203,3.337,5.183,-3.0,-3.0,-2.0,0.13,0.039,-3.0,-1.0,-1.0,-5.0,2.036,11.438,-2.0,1.929,-2.0,0.0,-3.0,-0.003,-1.007,1.154,-3.0,1.069,4.716,-3.0,1.485,1.04,-1.0,8.225,0.471,9.95,-4.0,0.026,-4.0,0.233,-5.0,1.054,1.079,-3.0,-0.956,5.399,0.0,6.456,-2.0,2.376,2.455,1.968,1.717,4.284,-2.0,2.002,-5.0,-3.0,1.098,1.084,-2.0,-3.0,1.255,2.188,-4.0,3.494,0.0,0.0,0.0,0.0,0.0,0.0,0.0,0.0,0.0,0.0
GoldGeo17,XAUUSDc,52,-5.4635,-10.927,3,-0.3098,0.0,345,22.8986,0,3,0,0.01,1.6,3.0,0.0,0.5,15,1,-15.623,0,0,0,0,0.0,0.0,0.0,0.0,0.0,0.0,0.0,6.263,-2.0,-2.0,2.455,-4.0,0.013,1.986,0.0,-3.0,-3.0,2.062,0.0,1.987,-3.0,-3.0,-0.058,2.308,3.034,-3.0,-3.0,-3.0,0.947,1.494,-2.0,2.085,-4.0,-2.0,-0.052,-0.015,2.118,3.721,2.643,3.927,0.029,-3.0,5.804,2.067,-1.0,-3.0,-3.0,-4.0,6.151,-2.943,-5.0,0.928,-3.0,-6.0,4.043,-1.0,0.272,-4.0,-5.0,2.351,3.381,5.254,-2.0,0.505,-2.0,-0.007,0.18,-3.0,-1.0,-1.0,-5.0,2.075,2.083,-2.0,1.933,-2.0,0.0,-2.0,-0.003,-1.007,1.295,-3.0,1.152,5.532,-3.0,-4.0,1.097,-1.0,8.347,0.028,8.271,-4.0,0.032,-3.0,0.214,-4.999,1.573,1.024,-3.0,-0.857,5.25,0.0,6.714,-2.0,2.316,3.429,1.968,1.25,4.374,-2.0,1.751,-5.0,-3.0,1.182,0.043,-2.0,-4.0,0.256,2.121,-4.0,3.696,0.0,0.0,0.0,0.0,0.0,0.0,0.0,0.0,0.0,0.0
GoldGeo17,XAUUSDc,41,6.594,9.891,4,0.316,57.22,351,24.2165,0,5,0,0.01,1.8,3.0,0.0,0.3,15,1,4.231,2,0,0,0,0.0,0.0,0.0,0.0,0.0,0.0,0.0,6.484,-2.0,-2.0,2.189,-4.0,4.326,1.986,0.0,-1.999,-4.0,1.996,-0.999,5.837,-3.0,-4.0,-0.028,1.974,0.034,1.121,-3.0,-3.0,0.917,1.093,-2.0,2.244,-3.999,-2.0,-0.052,-0.016,2.336,5.004,2.902,3.905,0.003,-3.0,6.497,2.065,-1.0,-3.0,-3.0,-4.0,3.964,-3.021,-5.0,0.424,-3.0,-5.0,3.978,-1.0,0.22,-4.0,-5.0,2.224,3.463,5.183,-3.0,-3.0,-2.0,0.148,0.039,-3.0,-0.999,2.073,-0.452,2.043,2.057,-2.0,5.046,-2.0,0.0,-3.0,-0.003,-1.007,1.248,-3.0,1.127,5.375,-3.0,1.92,1.04,-1.0,8.225,0.762,8.169,-4.0,0.026,-4.0,0.233,-5.0,1.078,1.079,-3.0,-0.956,5.529,0.0,6.468,-2.0,2.376,2.707,1.968,2.157,4.284,-2.0,2.467,-5.0,-3.0,1.098,0.11,-2.0,-3.0,1.273,2.268,-4.0,4.66,0.0,0.0,0.0,0.0,0.0,0.0,0.0,0.0,0.0,0.0
GoldGeo17,XAUUSDc,34,25.7607,38.641,4,1.343,16.24,323,26.6254,0,7,0,0.01,1.4,3.0,0.0,0.3,15,1,32.366,2,0,0,0,0.0,0.0,0.0,0.0,0.0,0.0,0.0,6.039,-2.0,-2.0,2.193,-3.0,0.0,1.986,0.0,-2.0,-3.999,1.989,0.0,2.035,-3.0,-2.0,-0.01,1.902,3.034,4.275,-1.0,1.936,3.848,1.043,-2.0,2.068,0.0,2.118,5.8,5.109,2.031,3.156,2.345,3.883,0.003,-3.0,5.085,2.078,-1.0,-3.0,-3.0,-4.0,5.774,-3.022,-5.0,0.129,-2.0,-5.0,4.02,-1.0,-0.023,-4.0,-5.0,2.181,3.288,5.263,-2.0,0.51,-2.0,0.06,0.047,-3.0,-1.0,-1.0,-5.0,2.036,7.317,-2.0,1.941,-2.0,0.0,-3.0,-0.002,-1.007,1.125,0.0,3.533,4.171,-3.0,1.278,1.04,-1.0,8.222,0.117,9.488,-4.0,0.026,-3.999,0.141,-5.0,1.113,1.079,-1.0,-0.959,5.251,0.0,6.19,-2.0,2.381,2.465,1.968,1.243,4.219,-2.0,1.866,-5.0,-3.0,1.021,1.08,-2.0,-4.0,1.174,2.267,-4.0,2.682,0.0,0.0,0.0,0.0,0.0,0.0,0.0,0.0,0.0,0.0
GoldGeo17,XAUUSDc,88,9.3993,14.099,4,0.3618,179.86,328,14.3293,0,3,0,0.01,1.8,4.0,0.0,0.5,15,1,-11.26,16,0,0,0,0.0,0.0,0.0,0.0,0.0,0.0,0.0,0.074,-2.0,-2.0,10.325,-4.0,1.059,3.063,-2.0,-3.0,-3.0,-2.0,-2.0,6.821,-3.0,-3.0,-3.0,-3.0,-4.0,-2.0,-3.0,-3.0,2.232,-2.0,-3.0,4.607,-3.998,-1.999,1.246,-2.0,-4.0,6.541,14.728,6.221,1.06,-3.0,-1.0,8.984,-1.0,-3.0,-3.0,-4.0,2.08,12.356,-5.0,-4.0,-3.0,-6.0,-2.0,-1.0,3.273,-4.0,-5.0,7.514,12.797,-1.0,-1.0,-4.0,-2.0,1.188,2.727,-3.0,-2.0,-1.0,-5.0,3.822,-2.999,-2.0,14.119,-2.0,0.0,-3.0,0.996,-4.0,10.158,-4.0,-2.0,23.359,-3.0,-4.0,2.153,-1.0,-3.0,-2.0,6.239,-3.0,1.13,-1.0,-4.0,-5.0,6.357,2.079,-3.0,2.208,3.352,4.31,-0.103,-2.0,-1.0,15.315,3.092,3.255,2.454,-2.0,-2.0,-5.0,-2.999,-1.0,2.656,-2.0,-4.0,-2.999,3.246,-4.0,-2.0,0.0,0.0,0.0,0.0,0.0,0.0,0.0,0.0,0.0,0.0
GoldGeo17,XAUUSDc,43,5.4753,8.213,4,0.2157,101.49,341,24.0469,0,9,0,0.01,1.8,3.0,0.0,0.3,15,1,-0.122,2,0,0,0,0.0,0.0,0.0,0.0,0.0,0.0,0.0,6.363,-2.0,-2.0,2.517,-3.0,-0.001,1.986,0.0,-1.999,-4.0,2.012,-1.0,5.808,-3.0,-4.0,-0.027,1.88,3.037,6.335,-1.0,-3.0,0.853,1.086,-2.0,2.304,-4.0,-2.0,0.074,5.636,2.319,4.129,2.128,3.939,0.004,-3.0,5.22,2.157,-1.0,-3.0,-3.0,-4.0,5.439,-3.081,-5.0,0.035,-3.0,-6.0,3.981,-1.0,-0.029,-4.0,-5.0,2.14,3.332,5.182,-2.0,0.861,-2.0,0.068,0.052,-3.0,-1.0,-1.0,-5.0,1.985,2.009,-1.999,1.955,-2.0,-3.0,-2.0,-0.002,-1.007,1.1,0.0,-3.0,4.095,-3.0,4.444,1.04,-1.0,8.116,0.226,10.101,-4.0,0.026,-3.999,0.239,-4.999,1.055,1.078,-3.0,-0.952,5.207,0.0,6.14,-2.0,2.381,2.482,1.929,1.154,4.219,-2.0,1.772,-5.0,-3.0,0.969,0.024,-1.999,-4.0,1.586,2.513,-4.0,3.585,0.0,0.0,0.0,0.0,0.0,0.0,0.0,0.0,0.0,0.0
GoldGeo17,XAUUSDc,12,-2.2047,-6.614,2,-0.2532,0.0,401,31.6708,0,3,0,0.01,2.0,2.0,0.0,0.3,15,1,-9.778,0,0,0,0,0.0,0.0,0.0,0.0,0.0,0.0,1.972,1.11,-2.0,-0.889,3.304,-4.0,1.443,0.99,-2.0,0.016,-4.0,1.62,-0.999,3.873,-3.0,-5.0,2.302,3.087,-4.0,0.451,-0.015,2.021,-0.128,-0.918,0.185,0.996,-1.53,-0.014,-1.059,-2.011,-0.892,2.532,1.208,1.885,0.971,-3.0,3.283,1.025,-1.0,-3.0,-3.0,-4.0,2.917,2.209,-2.014,4.436,-0.004,-3.002,2.001,-1.0,-1.876,-4.0,-5.0,0.094,2.092,5.119,-0.909,-3.0,0.147,-4.0,-0.946,2.123,3.34,0.991,0.225,1.068,0.004,-2.0,3.01,-2.0,-1.082,-2.0,-1.001,-1.992,0.185,-4.0,0.016,3.818,-0.009,1.053,0.111,-1.0,4.092,-1.004,7.275,-4.0,-0.981,1.597,-0.828,-1.955,-0.91,0.011,-4.0,-1.948,5.123,0.0,3.252,-2.0,1.29,-0.98,0.953,2.029,2.229,-2.0,5.255,-6.0,-2.999,2.066,4.297,0.018,2.066,-4.0,5.129,-3.0,1.366,0.0,0.0,0.0,0.0,0.0,0.0,0.0,0.0,0.0,0.0
GoldGeo17,XAUUSDc,32,36.34,43.608,5,1.4966,56.74,339,24.7788,0,3,0,0.01,1.4,3.0,0.0,0.3,15,1,18.865,2,0,0,0,0.0,0.0,0.0,0.0,0.0,0.0,0.0,6.117,-2.0,-2.0,2.263,-4.0,0.014,1.986,0.0,-2.0,-4.0,2.198,0.0,1.927,-3.0,-3.0,-0.057,2.091,3.034,22.743,-3.0,2.456,4.011,1.244,-2.0,2.026,-4.0,-2.0,-0.052,-0.015,2.14,3.345,2.336,3.898,0.028,-3.0,5.361,2.055,-1.0,-3.0,-3.0,-4.0,5.373,-2.923,-5.0,0.432,-3.0,-5.0,4.018,-1.0,0.11,-4.0,-5.0,2.27,3.282,5.304,-2.0,0.665,-2.0,0.209,0.121,-3.0,-1.0,-1.0,-5.0,2.119,7.737,-2.0,1.933,-2.0,0.0,-3.0,-0.003,-0.984,1.201,0.0,9.538,4.632,-3.0,1.978,1.164,-1.0,8.347,0.028,10.157,-4.0,0.032,-4.0,0.311,-5.0,1.36,1.024,-3.0,-0.857,5.311,0.0,6.704,-2.0,2.454,3.37,1.968,1.25,4.374,-2.0,1.638,-5.0,-3.0,1.182,0.076,-2.0,-4.0,1.256,2.26,-4.0,3.038,0.0,0.0,0.0,0.0,0.0,0.0,0.0,0.0,0.0,0.0
GoldGeo17,XAUUSDc,89,-2.5127,-3.769,4,-0.0819,0.0,306,16.0131,0,5,0,0.01,1.8,4.0,0.0,0.5,15,1,-21.758,9,0,0,0,0.0,0.0,0.0,0.0,0.0,0.0,0.0,0.494,-2.0,-2.0,6.546,-4.0,0.962,2.994,0.0,-1.999,-3.999,-2.0,-0.999,3.863,-3.0,-3.0,-3.0,-3.0,-4.0,-2.0,-2.0,-3.0,2.048,-2.0,-3.0,-1.0,-3.999,-2.0,1.1,-2.0,-3.0,7.305,7.282,6.063,1.015,-3.0,-1.0,7.292,-1.0,-3.0,-3.0,-4.0,2.036,0.886,-5.0,-2.0,-3.0,-5.0,3.981,-1.0,2.602,-4.0,-5.0,3.921,17.989,-1.0,0.0,-4.0,-2.0,0.959,2.085,-3.0,-0.999,-1.0,-5.0,3.119,-2.0,-2.0,9.808,-2.0,0.0,-3.0,0.996,-4.0,6.916,-3.0,-2.0,7.889,-3.0,9.951,2.072,-1.0,-1.0,-2.999,6.159,-3.0,1.115,-1.0,-3.0,4.219,0.954,2.152,-3.0,1.242,3.393,4.311,-0.143,-2.0,-1.0,8.196,3.033,9.457,2.27,-2.0,-2.0,-5.0,-3.0,-1.0,3.233,-2.0,-3.0,-2.0,3.46,-4.0,-2.0,0.0,0.0,0.0,0.0,0.0,0.0,0.0,0.0,0.0,0.0
GoldGeo17,XAUUSDc,35,18.7427,28.114,4,0.8832,15.86,327,26.2997,0,9,0,0.01,1.4,3.0,0.0,0.3,15,1,23.655,0,0,0,0,0.0,0.0,0.0,0.0,0.0,0.0,0.0,6.107,-2.0,-1.999,2.21,-3.0,-0.001,1.986,0.0,-2.0,-4.0,1.949,-1.999,1.128,-3.0,-2.0,-0.045,1.88,3.037,1.749,-1.0,2.032,3.841,1.034,-2.0,2.066,0.0,2.142,4.459,5.11,2.097,3.333,2.088,3.882,0.003,-3.0,5.073,2.101,-1.0,-3.0,-3.0,-4.0,5.001,-3.081,-5.0,0.035,-2.0,-6.0,3.981,-1.0,-0.064,-4.0,-5.0,2.14,3.257,5.182,-2.0,0.37,-2.0,0.046,0.052,-3.0,-1.0,-1.0,-5.0,1.985,6.316,-1.999,1.949,-2.0,0.0,-3.0,-0.002,-1.007,1.072,0.0,3.085,4.061,-3.0,1.62,1.04,-1.0,8.116,0.176,9.567,-4.0,0.026,-3.999,0.239,-5.0,1.055,1.078,-2.0,-0.952,5.207,0.0,6.14,-2.0,2.381,2.328,1.929,1.154,4.219,-2.0,1.71,-5.0,-2.999,0.969,1.024,-1.999,-3.0,1.374,2.243,-4.0,2.826,0.0,0.0,0.0,0.0,0.0,0.0,0.0,0.0,0.0,0.0
GoldGeo17,XAUUSDc,36,-4.0137,-12.041,2,-0.3326,0.0,353,22.6629,0,3,0,0.01,1.6,3.0,0.0,0.3,15,1,-16.737,0,0,0,0,0.0,0.0,0.0,0.0,0.0,0.0,0.0,6.263,-2.0,-2.0,2.455,-4.0,4.949,1.986,0.0,-3.0,-4.0,2.533,-2.0,1.418,-3.0,-4.0,-0.057,2.308,3.034,-3.0,-3.0,-3.0,0.947,1.494,-2.0,2.085,-4.0,-2.0,-0.052,-0.015,1.261,3.721,2.643,3.927,0.029,-3.0,5.804,2.067,-1.0,-3.0,-3.0,-4.0,6.151,-2.778,-5.0,0.928,-3.0,-6.0,4.043,-1.0,0.272,-4.0,-5.0,2.351,3.381,5.304,-2.0,1.373,-2.0,0.261,0.18,-3.0,-1.0,-1.0,-5.0,2.173,2.083,-2.0,1.933,-2.0,0.0,-3.0,-0.003,-0.984,1.295,-3.0,1.152,5.532,-3.0,-4.0,1.164,-1.0,8.347,0.028,8.271,-4.0,0.032,-4.0,0.346,-4.999,1.573,1.024,-3.0,-0.857,5.354,0.0,6.714,-2.0,2.454,-2.0,6.128,1.25,4.374,-2.0,1.751,-5.0,-2.999,1.182,0.076,-2.0,-4.0,0.257,2.346,-4.0,3.696,0.0,0.0,0.0,0.0,0.0,0.0,0.0,0.0,0.0,0.0
GoldGeo17,XAUUSDc,50,33.7817,40.538,5,1.3804,15.48,319,26.9592,0,7,0,0.01,1.4,3.0,0.0,0.5,15,1,34.263,2,0,0,0,0.0,0.0,0.0,0.0,0.0,0.0,0.0,6.039,-2.0,-2.0,2.193,-3.0,-0.001,1.986,0.0,-2.0,-4.0,1.989,0.0,2.035,-3.0,-2.0,-0.011,1.902,3.034,4.275,-1.0,1.936,3.848,1.043,-2.0,2.068,0.0,2.118,5.8,5.021,2.031,3.019,2.345,3.883,0.003,-3.0,5.085,2.078,-1.0,-3.0,-3.0,-4.0,5.774,-3.113,-5.0,0.129,-2.0,-5.0,4.02,-1.0,-0.023,-4.0,-5.0,2.181,3.288,5.153,-2.0,0.264,-2.0,-0.086,0.047,-3.0,-1.0,-1.0,-5.0,2.002,7.317,-2.0,1.941,-2.0,0.0,-1.0,0.997,-1.007,1.125,0.0,2.674,4.171,-3.0,1.278,1.04,-1.0,8.222,0.117,9.488,-4.0,0.026,-3.0,0.038,-5.0,1.113,1.079,-1.0,-0.959,5.251,0.0,6.19,-2.0,2.249,2.313,1.968,1.243,4.219,-2.0,1.866,-5.0,-3.0,1.021,1.08,-2.0,-4.0,1.174,2.267,-4.0,2.682,0.0,0.0,0.0,0.0,0.0,0.0,0.0,0.0,0.0,0.0
GoldGeo17,XAUUSDc,78,7.6865,15.373,3,0.4725,135.84,307,15.9609,0,7,0,0.01,2.0,4.0,0.0,0.3,15,1,-5.509,11,0,0,0,0.0,0.0,0.0,0.0,0.0,0.0,0.0,0.631,-2.0,-2.0,13.368,-4.0,0.965,2.995,0.0,-3.0,-4.0,-2.0,-1.0,4.655,-3.0,-4.0,-2.999,-3.0,-2.0,-2.0,-1.0,-3.0,1.848,-2.0,-4.0,-1.0,0.0,3.586,4.361,-2.0,-3.0,4.768,19.882,6.319,1.015,-3.0,-1.0,7.482,-1.0,-3.0,-3.0,-4.0,2.047,5.608,-5.0,-2.0,-3.0,-6.0,-2.0,-1.0,2.427,-4.0,-5.0,7.335,10.593,-1.0,-0.999,-4.0,-2.0,1.188,2.142,-3.0,-1.0,2.183,-4.0,2.26,-3.0,-2.0,11.694,-2.0,-3.0,-2.0,0.997,-4.0,7.798,-3.0,4.182,8.221,-3.0,11.573,2.072,-1.0,-1.0,-2.0,6.122,-4.0,1.108,-2.0,-3.0,4.321,0.94,2.197,-3.0,1.207,3.267,4.323,-0.118,-2.0,-1.0,2.857,-1.0,3.903,2.178,-2.0,-2.0,-5.0,-2.999,-1.0,2.123,-3.0,-3.0,0.0,3.746,-4.0,-1.999,0.0,0.0,0.0,0.0,0.0,0.0,0.0,0.0,0.0,0.0
GoldGeo17,XAUUSDc,17,23.892,23.892,6,1.4021,12.92,378,35.1852,0,5,0,0.01,1.4,2.0,0.0,0.5,15,1,20.806,0,0,0,0,0.0,0.0,0.0,0.0,0.0,0.0,1.972,1.007,-2.0,-1.01,3.047,-3.0,3.971,0.99,0.0,-1.999,-4.0,0.881,-2.0,2.846,-3.0,-1.8,1.911,2.845,-1.0,1.086,-1.0,1.764,-0.163,-1.021,0.056,0.965,-1.912,-0.014,2.904,0.982,-0.04,2.129,1.059,1.837,0.97,-3.0,3.045,1.024,-1.0,-2.999,-3.0,-4.0,4.001,1.889,-2.014,3.212,2.841,-3.001,1.957,-1.0,-1.995,-4.0,-5.0,0.031,2.105,5.151,-0.005,-0.706,-0.062,-4.0,-0.996,1.944,3.054,0.991,-0.091,0.993,4.037,-2.0,0.977,-2.0,0.0,-1.0,-0.002,-2.005,0.029,-0.737,0.016,2.145,-0.009,0.994,0.007,-1.0,4.076,-0.825,6.23,-4.0,-0.987,1.009,-0.974,-1.936,-1.063,0.048,1.071,-1.982,5.044,0.0,3.105,-2.0,1.114,2.949,0.953,2.009,2.115,-2.0,5.348,-5.0,-3.0,2.016,4.0,0.067,2.069,-3.0,5.02,-3.0,1.332,0.0,0.0,0.0,0.0,0.0,0.0,0.0,0.0,0.0,0.0
GoldGeo17,XAUUSDc,93,40.804,61.206,4,1.3103,73.06,317,15.4574,0,5,0,0.01,2.0,4.0,0.0,0.5,15,1,16.491,13,0,0,0,0.0,0.0,0.0,0.0,0.0,0.0,0.0,0.897,-2.0,-2.0,11.398,-4.0,0.966,2.994,0.0,-3.0,-4.0,-2.0,-1.0,4.033,-3.0,-4.0,-3.0,-3.0,-3.999,-2.0,-3.0,-3.0,2.11,-2.0,-4.0,-1.0,-4.0,-1.999,1.183,-2.0,-3.0,10.321,12.242,6.146,1.015,-3.0,-1.0,7.415,-1.0,-3.0,-3.0,-4.0,2.052,3.156,-5.0,-4.0,-3.0,-6.0,4.103,-1.0,2.991,-4.0,-5.0,4.514,44.715,-1.0,-1.0,-4.0,-2.0,0.959,2.131,-3.0,-1.0,-1.0,-4.0,2.202,-3.0,-2.0,11.665,-2.0,-1.0,-2.0,0.996,-4.0,7.685,-3.0,-2.0,14.805,-3.0,21.522,2.072,-1.0,-1.0,-3.0,6.199,-4.0,1.152,-1.0,-3.0,4.298,0.954,2.192,-3.0,1.292,3.538,4.314,-0.143,-2.0,-1.0,8.556,3.033,19.329,2.27,-2.0,-2.0,-5.0,-3.0,-1.0,3.281,-2.0,-4.0,-1.999,3.65,-4.0,-2.0,0.0,0.0,0.0,0.0,0.0,0.0,0.0,0.0,0.0,0.0
GoldGeo17,XAUUSDc,91,8.2245,16.449,3,0.496,127.46,295,17.6271,0,9,0,0.01,1.8,4.0,0.0,0.5,15,1,-4.517,8,0,0,0,0.0,0.0,0.0,0.0,0.0,0.0,0.0,0.787,-2.0,-2.0,7.571,-2.999,1.017,2.995,0.0,-1.999,-4.0,-2.0,-1.0,3.805,-3.0,-3.0,-3.0,-3.0,-1.0,-2.0,-1.0,-3.0,1.918,-1.999,-2.0,10.42,-4.0,-2.0,1.624,-2.0,-3.0,5.825,3.655,6.182,1.016,-3.0,5.651,7.532,-1.0,-3.0,-3.0,-4.0,1.977,-0.09,-5.0,-1.0,-2.0,-6.0,4.691,-1.0,2.067,-4.0,-5.0,3.723,5.356,-1.0,-1.0,-4.0,-2.0,1.082,2.087,-3.0,-1.0,-1.0,-5.0,2.942,-2.0,-1.999,11.598,-2.0,-1.0,-2.0,0.996,-4.0,6.259,0.0,-2.0,2.539,-3.0,18.966,2.072,-1.0,-0.999,-2.0,6.279,-3.999,1.041,-1.0,-3.0,4.232,0.931,2.318,-1.0,1.239,3.091,4.323,-0.118,-2.0,-1.0,7.976,2.959,2.349,2.178,-2.0,-2.0,-4.0,-3.0,-1.0,2.036,-1.999,-4.0,-2.0,3.885,-4.0,9.46,0.0,0.0,0.0,0.0,0.0,0.0,0.0,0.0,0.0,0.0
GoldGeo17,XAUUSDc,33,36.0633,43.276,5,1.5034,24.0,328,26.2195,0,5,0,0.01,1.4,3.0,0.0,0.3,15,1,32.89,2,0,0,0,0.0,0.0,0.0,0.0,0.0,0.0,0.0,6.116,-2.0,-2.0,2.104,-4.0,-0.001,1.986,0.0,-1.999,-4.0,1.94,-2.0,1.066,-3.0,-2.0,-0.046,1.92,3.034,8.386,-1.0,2.104,3.94,1.043,-2.0,2.04,0.0,2.307,3.402,5.593,2.102,3.477,2.282,3.875,0.003,-3.0,5.306,2.053,-1.0,-2.999,-3.0,-4.0,5.916,-3.058,-5.0,0.185,-3.0,-5.0,3.978,-1.0,0.02,-4.0,-5.0,2.181,3.287,5.183,-2.0,1.353,-2.0,0.13,0.039,-3.0,-1.0,-1.0,-5.0,2.036,7.448,-2.0,1.929,-2.0,0.0,-2.0,-0.003,-1.007,1.126,0.0,7.537,4.32,-3.0,1.282,1.04,-1.0,8.225,0.334,9.637,-4.0,0.026,-4.0,0.233,-5.0,1.054,1.079,-3.0,-0.956,5.353,0.0,6.456,-2.0,2.376,2.343,1.968,1.474,4.284,-2.0,1.805,-5.0,-3.0,1.098,1.084,-2.0,-3.0,1.255,2.166,-4.0,3.026,0.0,0.0,0.0,0.0,0.0,0.0,0.0,0.0,0.0,0.0
GoldGeo17,XAUUSDc,72,-10.2065,-20.413,3,-0.3936,0.0,329,13.3739,0,3,0,0.01,1.8,4.0,0.0,0.3,15,1,-45.772,17,0,0,0,0.0,0.0,0.0,0.0,0.0,0.0,0.0,0.074,-2.0,-2.0,10.325,-3.999,1.06,3.063,-2.0,-3.0,-4.0,-2.0,-1.0,5.041,-3.0,-4.0,-2.999,-3.0,-4.0,-3.0,-3.0,-3.0,2.232,-2.0,-3.0,4.607,-3.998,-1.999,1.246,-2.0,-4.0,6.541,14.728,6.221,1.06,-3.0,-1.0,8.984,-1.0,-3.0,-3.0,-4.0,2.08,-6.0,-5.0,-4.0,-3.0,-6.0,-2.0,-1.0,3.273,-4.0,-5.0,7.514,12.797,-1.0,-1.0,-4.0,-2.0,2.621,2.727,-3.0,-2.0,-1.0,-5.0,4.623,-2.999,-2.0,14.119,-2.0,-2.0,-2.0,0.996,-4.0,10.204,-4.0,-2.0,23.359,-3.0,-4.0,2.306,-1.0,-3.0,-2.0,6.239,-3.0,1.13,-1.0,-4.0,-5.0,6.357,2.079,-2.0,2.208,3.703,4.31,-0.103,-2.0,-1.0,3.559,-1.0,3.255,2.454,-2.0,-2.0,-5.0,-3.0,-1.0,2.656,-2.0,-4.0,-2.998,3.931,-4.0,-2.0,0.0,0.0,0.0,0.0,0.0,0.0,0.0,0.0,0.0,0.0
GoldGeo17,XAUUSDc,94,9.059,18.118,3,0.5168,115.26,300,16.3333,0,7,0,0.01,2.0,4.0,0.0,0.5,15,1,-2.764,12,0,0,0,0.0,0.0,0.0,0.0,0.0,0.0,0.0,0.631,-2.0,-2.0,13.368,-3.0,0.965,2.995,0.0,-3.0,-4.0,-2.0,-1.0,4.655,-3.0,-3.0,-3.0,-3.0,-2.0,-2.0,-1.0,-3.0,1.848,-2.0,-4.0,-1.0,0.0,3.586,4.361,-2.0,-3.0,4.768,19.882,6.319,1.015,-3.0,-1.0,7.482,-1.0,-3.0,-3.0,-4.0,2.047,0.467,-5.0,-2.0,-3.0,-6.0,-2.0,-1.0,2.427,-4.0,-5.0,7.335,10.593,-1.0,-0.999,-4.0,-2.0,0.94,2.142,-3.0,-1.0,-1.0,-4.0,2.067,-3.0,-2.0,11.694,-2.0,-1.0,-2.0,0.996,-4.0,7.798,0.0,-3.0,8.221,-3.0,11.573,2.072,-1.0,-1.0,-2.0,6.122,-4.0,1.108,-2.0,-3.0,4.098,0.94,2.197,-2.0,1.207,3.267,4.323,-0.118,-2.0,-1.0,9.741,3.033,3.903,2.178,-2.0,-2.0,-5.0,-2.999,-1.0,2.123,-3.0,-3.0,0.0,3.746,-4.0,-1.999,0.0,0.0,0.0,0.0,0.0,0.0,0.0,0.0,0.0,0.0
GoldGeo17,XAUUSDc,54,57.5558,69.067,5,2.0955,28.18,326,26.6871,0,7,0,0.01,1.6,3.0,0.0,0.5,15,1,49.601,4,0,0,0,0.0,0.0,0.0,0.0,0.0,0.0,0.0,6.09,-2.0,-2.0,2.277,-3.0,-0.001,1.986,0.0,-2.0,-4.0,2.065,-1.0,6.187,-3.0,-2.0,0.005,1.902,3.034,15.45,-1.0,2.022,3.855,1.062,-2.0,2.147,0.0,2.156,19.466,5.12,2.071,3.237,2.562,3.922,0.003,-3.0,5.172,2.108,-1.0,-3.0,-3.0,-4.0,3.943,-3.113,-5.0,0.172,-3.0,-6.0,4.032,-1.0,0.011,-4.0,-5.0,2.203,3.338,5.153,-2.0,0.341,-2.0,-0.086,0.047,-3.0,-1.0,-1.0,-5.0,2.002,10.966,-2.0,1.941,-2.0,0.0,-3.0,-0.003,-1.007,1.153,0.0,4.195,4.337,-3.0,1.474,1.04,-1.0,8.222,0.117,9.547,-4.0,0.026,-3.0,0.038,-5.0,1.113,1.079,-1.0,-0.959,5.251,0.0,6.19,-2.0,2.249,2.425,1.968,1.243,4.219,-2.0,1.921,-5.0,-3.0,1.021,1.08,-2.0,-4.0,1.174,2.36,-4.0,2.746,0.0,0.0,0.0,0.0,0.0,0.0,0.0,0.0,0.0,0.0
GoldGeo17,XAUUSDc,85,13.6153,20.423,4,0.5686,98.19,294,18.0272,0,5,0,0.01,1.6,4.0,0.0,0.5,15,1,0.369,10,0,0,0,0.0,0.0,0.0,0.0,0.0,0.0,0.0,0.236,-2.0,-2.0,4.396,-4.0,0.957,2.994,0.0,-2.0,-4.0,-2.0,-0.998,3.789,-3.0,-3.0,-3.0,-3.0,-1.0,-2.0,-1.0,-2.0,7.543,-2.0,-2.0,5.373,-4.0,-2.0,1.05,-2.0,-3.0,5.71,4.888,6.015,1.015,-3.0,-1.0,7.174,-1.0,-2.999,-3.0,-4.0,2.0,0.763,-5.0,-2.0,-3.0,-5.0,3.912,-1.0,2.325,-4.0,-5.0,3.626,8.517,-1.0,0.0,-3.999,-2.0,0.95,2.082,-3.0,-1.0,-1.0,-5.0,3.062,19.054,-1.0,8.826,-2.0,0.0,-3.0,0.996,-4.0,6.457,-2.0,-1.0,4.53,-3.0,5.007,2.072,-1.0,-1.0,-3.0,6.089,-3.0,1.108,-1.0,-3.0,4.194,0.954,2.152,-3.0,1.203,3.281,4.308,-0.143,-2.0,-1.0,7.999,3.033,5.113,2.27,-2.0,-2.0,-5.0,-3.0,-1.0,3.233,-2.0,-3.0,0.0,3.877,-4.0,9.429,0.0,0.0,0.0,0.0,0.0,0.0,0.0,0.0,0.0,0.0
GoldGeo17,XAUUSDc,61,5.8195,11.639,3,0.3317,70.2,352,23.5795,0,5,0,0.01,2.0,3.0,0.0,0.5,15,1,3.469,5,0,0,0,0.0,0.0,0.0,0.0,0.0,0.0,0.0,6.83,-2.0,-2.0,2.226,-4.0,0.0,1.986,0.0,-3.0,-4.0,2.054,-1.0,5.944,-3.0,-4.0,-0.028,1.985,0.035,1.042,-3.0,-3.0,0.934,1.15,-1.999,2.349,-4.0,-1.999,-0.04,-0.016,2.23,6.812,3.592,3.933,0.003,-3.0,7.954,2.077,-1.0,-3.0,-3.0,-4.0,3.972,-3.084,-5.0,0.673,-3.0,-6.0,3.978,-1.0,0.392,-4.0,-5.0,2.283,3.646,5.068,-3.0,-3.0,-2.0,-0.086,0.065,-3.0,-1.0,-1.0,-0.092,2.009,1.057,-2.0,5.073,-2.0,-1.0,-2.0,-0.003,-1.007,1.369,-3.0,1.17,6.416,-3.0,2.689,1.04,-1.0,8.225,1.136,8.169,-4.0,0.026,-3.0,0.132,-5.0,1.116,1.079,-3.0,-0.956,5.392,0.0,6.479,-2.0,2.244,2.487,1.968,2.84,4.284,-2.0,3.356,-5.0,-3.0,1.098,1.051,-2.0,-4.0,1.291,2.37,-4.0,7.17,0.0,0.0,0.0,0.0,0.0,0.0,0.0,0.0,0.0,0.0
GoldGeo17,XAUUSDc,20,7.507,15.014,3,0.7739,20.81,381,34.1207,0,3,0,0.01,1.6,2.0,0.0,0.5,15,1,11.89,0,0,0,0,0.0,0.0,0.0,0.0,0.0,0.0,1.972,1.035,-2.0,-1.01,3.129,-4.0,4.122,0.99,0.0,-3.0,-3.0,0.925,0.0,0.889,-3.0,-1.688,2.039,2.929,-1.0,-3.0,-0.015,1.857,-0.145,-0.977,0.104,0.96,-1.802,-0.014,3.046,1.164,-0.02,2.216,1.087,1.859,0.971,-3.0,3.119,1.025,-1.0,-3.0,-3.0,-4.0,4.018,1.969,-2.014,3.446,-0.004,-3.002,1.988,-1.0,-1.946,-4.0,-5.0,0.088,2.066,5.087,0.05,-0.803,-0.026,-4.0,-0.974,2.0,3.154,0.991,-0.004,1.006,1.0,-2.0,0.977,-2.0,0.0,-2.0,-1.002,-2.005,0.069,0.124,0.016,2.398,-0.009,1.026,0.04,-1.0,4.092,-1.004,6.471,-4.0,-0.981,1.223,-0.957,-1.962,-0.918,0.011,1.075,-1.948,5.005,0.0,3.211,-2.0,1.139,3.063,0.953,2.029,2.162,-2.0,5.255,-5.0,-3.0,2.066,4.154,0.011,2.07,-4.0,5.013,-3.0,1.29,0.0,0.0,0.0,0.0,0.0,0.0,0.0,0.0,0.0,0.0
GoldGeo17,XAUUSDc,68,-14.3307,-42.992,2,-0.9145,0.0,317,14.511,0,3,0,0.01,1.6,4.0,0.0,0.3,15,1,-53.928,12,0,0,0,0.0,0.0,0.0,0.0,0.0,0.0,0.0,0.019,-2.0,-2.0,5.705,-4.0,1.033,3.053,0.0,-3.0,-4.0,-2.0,-2.0,4.441,-3.0,-4.0,-2.999,-3.0,-1.0,-3.0,-3.0,-3.0,2.116,-2.0,-3.0,4.22,-4.0,-2.0,1.133,-2.0,-4.0,5.378,7.1,6.11,1.061,-3.0,-1.0,7.981,-1.0,-3.0,-3.0,-4.0,2.03,6.605,-5.0,-4.0,-3.0,-6.0,4.007,-1.0,2.664,-4.0,-5.0,4.999,7.23,-1.0,-1.0,-4.0,-2.0,1.828,2.431,-3.0,-1.0,-1.0,-5.0,3.819,-2.0,-2.0,10.341,-2.0,0.0,-3.0,0.996,-4.0,7.649,-3.0,-1.0,8.936,-3.0,-4.0,2.244,-1.0,-1.0,-2.0,6.135,-2.0,1.12,-1.0,-4.0,-4.999,3.963,2.079,-3.0,1.72,3.435,4.307,-0.103,-2.0,-1.0,3.029,-1.0,2.782,2.368,-2.0,-2.0,-5.0,-2.999,-1.0,2.479,-2.0,-4.0,-2.999,3.56,-4.0,-1.999,0.0,0.0,0.0,0.0,0.0,0.0,0.0,0.0,0.0,0.0
GoldGeo17,XAUUSDc,90,12.4985,24.997,3,0.6849,74.06,292,17.8082,0,7,0,0.01,1.8,4.0,0.0,0.5,15,1,6.484,12,0,0,0,0.0,0.0,0.0,0.0,0.0,0.0,0.0,0.373,-2.0,-2.0,7.466,-3.0,0.962,2.995,0.0,-2.0,-4.0,-2.0,-1.0,4.217,-3.0,-3.0,-3.0,-3.0,-1.0,-3.0,-1.0,-2.0,1.846,-2.0,-3.0,18.513,0.0,3.416,3.817,-2.0,-3.0,4.478,10.028,6.183,1.015,-3.0,4.904,7.354,-1.0,-3.0,-3.0,-4.0,2.031,-0.265,-5.0,-2.0,-3.0,-6.0,-1.0,-1.0,2.267,-4.0,-5.0,5.185,7.227,-1.0,0.0,-4.0,-2.0,0.94,2.093,-3.0,-1.0,-1.0,-5.0,3.026,-2.0,-2.0,9.837,-2.0,0.0,-3.0,0.996,-4.0,6.969,0.0,-2.0,5.164,-3.0,6.388,2.072,-1.0,-0.999,-2.0,6.113,-4.0,1.086,-1.0,-3.0,4.071,0.94,2.154,-2.0,1.181,3.224,4.323,-0.118,-2.0,-1.0,8.853,3.033,3.177,2.178,-2.0,-2.0,-5.0,-3.0,-1.0,2.122,-3.0,-3.0,0.0,3.601,-4.0,8.561,0.0,0.0,0.0,0.0,0.0,0.0,0.0,0.0,0.0,0.0
GoldGeo17,XAUUSDc,69,12.5633,18.845,4,0.516,106.42,298,17.7852,0,5,0,0.01,1.6,4.0,0.0,0.3,15,1,-1.209,11,0,0,0,0.0,0.0,0.0,0.0,0.0,0.0,0.0,0.236,-2.0,-1.999,4.396,-4.0,0.958,2.994,0.0,-2.0,-4.0,-2.0,-0.998,3.789,-3.0,-3.0,-3.0,-3.0,-1.0,-2.0,-3.0,-2.0,7.924,-2.0,-2.0,5.373,-4.0,-2.0,1.05,-2.0,-3.0,5.71,4.888,6.015,1.015,-3.0,-1.0,7.174,-1.0,-2.999,-3.0,-4.0,2.0,1.405,-5.0,-2.0,-3.0,-5.0,3.912,-1.0,2.325,-4.0,-5.0,3.626,8.517,-1.0,0.0,-3.999,-2.0,1.324,2.082,-3.0,-1.0,-1.0,-5.0,3.194,19.054,-2.0,8.826,-2.0,0.0,-3.0,0.996,-4.0,6.457,-3.0,-1.0,4.53,-3.0,5.007,2.072,-1.0,-1.0,-3.0,6.089,-3.0,1.108,-1.0,-3.0,4.353,0.954,2.152,-3.0,1.203,3.476,4.308,-0.143,-2.0,-1.0,8.536,3.033,5.113,2.27,-2.0,-2.0,-5.0,-3.0,-1.0,3.233,-2.0,-3.0,0.0,3.877,-4.0,9.429,0.0,0.0,0.0,0.0,0.0,0.0,0.0,0.0,0.0,0.0
GoldGeo17,XAUUSDc,84,-11.636,-34.908,2,-0.7398,0.0,311,15.1125,0,3,0,0.01,1.6,4.0,0.0,0.5,15,1,-45.844,11,0,0,0,0.0,0.0,0.0,0.0,0.0,0.0,0.0,0.019,-2.0,-2.0,5.705,-4.0,1.032,3.053,0.0,-3.0,-3.0,-2.0,0.0,-1.0,-3.0,-3.0,-3.0,-3.0,-1.0,-3.0,-3.0,-3.0,2.116,-2.0,-3.0,4.22,-4.0,-2.0,1.133,-2.0,-3.0,5.378,7.1,6.11,1.061,-3.0,-1.0,7.981,-1.0,-3.0,-3.0,-4.0,2.03,3.999,-5.0,-4.0,-3.0,-6.0,4.007,-1.0,2.664,-4.0,-5.0,4.999,7.23,-1.0,-1.0,-4.0,-2.0,1.125,2.431,-3.0,-1.0,-1.0,-5.0,3.442,-2.0,-2.0,10.341,-2.0,0.0,-2.0,0.996,-4.0,7.609,-3.0,-1.0,8.936,-3.0,-4.0,2.153,-1.0,-1.0,-2.0,6.135,-2.0,1.12,-1.0,-4.0,-4.999,3.963,2.079,-3.0,1.72,3.242,4.307,-0.103,-2.0,-1.0,10.835,3.092,2.782,2.368,-2.0,-2.0,-5.0,-3.0,-1.0,2.479,-2.0,-4.0,-3.0,3.201,-4.0,-1.999,0.0,0.0,0.0,0.0,0.0,0.0,0.0,0.0,0.0,0.0
GoldGeo17,XAUUSDc,73,-1.962,-2.943,4,-0.0636,0.0,309,15.8576,0,5,0,0.01,1.8,4.0,0.0,0.3,15,1,-20.932,10,0,0,0,0.0,0.0,0.0,0.0,0.0,0.0,0.0,0.494,-2.0,-2.0,6.546,-4.0,0.963,2.994,0.0,-1.999,-4.0,-2.0,-0.999,3.863,-3.0,-4.0,-3.0,-3.0,-4.0,-2.0,-3.0,-3.0,2.048,-2.0,-3.0,-1.0,-3.999,-2.0,1.1,-2.0,-3.0,7.305,7.282,6.063,1.015,-3.0,-1.0,7.292,-1.0,-3.0,-3.0,-4.0,2.036,2.627,-5.0,-2.0,-3.0,-5.0,3.981,-1.0,2.602,-4.0,-5.0,3.921,17.989,-1.0,0.0,-4.0,-2.0,1.465,2.085,-3.0,-0.999,3.173,-4.0,-2.0,-2.0,-2.0,9.808,-2.0,0.0,-3.0,0.996,-4.0,6.916,-3.0,-2.0,7.889,-3.0,9.951,2.072,-1.0,-1.0,-2.999,6.159,-3.0,1.115,-1.0,-3.0,4.432,0.954,2.152,-3.0,1.242,3.765,4.311,-0.143,-2.0,-1.0,9.137,3.033,9.457,2.27,-2.0,-2.0,-5.0,-3.0,-1.0,2.233,-2.0,-3.0,-2.0,3.459,-4.0,-2.0,0.0,0.0,0.0,0.0,0.0,0.0,0.0,0.0,0.0,0.0
GoldGeo17,XAUUSDc,82,19.541,39.082,3,1.2889,55.73,271,20.2952,0,7,0,0.01,1.4,4.0,0.0,0.5,15,1,17.302,5,0,0,0,0.0,0.0,0.0,0.0,0.0,0.0,0.0,0.061,-2.0,-2.0,3.736,-3.0,0.948,2.995,0.0,-2.0,-4.0,-2.0,3.241,3.799,-3.0,-2.0,-3.0,-3.0,-1.0,-2.0,-1.0,-2.0,1.834,-2.0,4.891,5.098,0.0,3.204,0.0,19.78,-3.0,4.04,4.105,5.99,1.015,-3.0,4.24,7.144,-1.0,-3.0,-3.0,-4.0,1.998,0.083,-5.0,-1.0,-2.0,-5.0,4.097,-1.0,2.068,-4.0,-5.0,3.588,4.817,-1.0,0.0,-3.0,-2.0,0.94,2.087,-3.0,-1.0,-1.0,-5.0,2.991,6.835,-1.0,8.36,-2.0,0.0,-1.0,1.996,-4.0,6.265,0.0,-1.0,2.68,-3.0,2.818,2.072,-1.0,-0.999,-1.0,4.563,-2.999,1.063,-1.0,-3.0,4.071,0.94,2.154,-1.0,1.168,3.181,4.323,-0.118,-2.0,-1.0,8.047,3.033,2.544,2.178,-2.0,-2.0,-5.0,-3.0,-1.0,3.122,-2.0,-4.0,0.0,3.457,-4.0,4.538,0.0,0.0,0.0,0.0,0.0,0.0,0.0,0.0,0.0,0.0
GoldGeo17,XAUUSDc,55,30.6547,45.982,4,1.459,21.23,322,27.0186,0,9,0,0.01,1.6,3.0,0.0,0.5,15,1,36.218,2,0,0,0,0.0,0.0,0.0,0.0,0.0,0.0,0.0,6.214,-2.0,-2.0,2.292,-2.999,0.0,1.986,0.0,-2.0,-4.0,1.967,-0.999,5.783,-3.0,-2.0,-0.046,1.88,3.037,3.09,-1.0,2.206,3.859,1.054,-1.999,2.145,0.0,2.203,9.764,5.121,2.071,3.683,2.096,3.921,0.003,-3.0,5.133,2.145,-1.0,-3.0,-3.0,-4.0,5.143,-3.153,-5.0,0.035,-2.0,-6.0,3.981,-1.0,-0.05,-4.0,-5.0,2.14,3.257,5.067,-2.0,0.203,-2.0,-0.026,0.052,-3.0,-1.0,-1.0,-5.0,1.985,6.896,-1.999,1.955,-2.0,0.0,-3.0,-0.003,-1.007,1.072,0.0,3.325,4.061,-3.0,2.46,1.04,-1.0,8.116,0.176,9.716,-4.0,0.026,-3.0,0.136,-5.0,1.055,1.078,-1.0,-0.952,5.207,0.0,6.14,-2.0,2.249,2.213,1.929,1.154,4.219,-2.0,1.71,-4.0,-2.999,0.969,1.024,-1.999,-3.0,1.427,2.321,-4.0,3.023,0.0,0.0,0.0,0.0,0.0,0.0,0.0,0.0,0.0,0.0
GoldGeo17,XAUUSDc,65,18.368,27.552,4,0.9108,28.46,278,20.1439,0,5,0,0.01,1.4,4.0,0.0,0.3,15,1,19.711,7,0,0,0,0.0,0.0,0.0,0.0,0.0,0.0,0.0,0.084,-2.0,-2.0,3.565,-4.0,0.948,2.994,0.0,-1.999,-4.0,-2.0,3.52,3.703,-3.0,-2.0,-3.0,-3.0,-1.0,-2.0,-1.0,-2.0,1.927,-2.0,4.845,4.392,0.0,3.596,0.0,5.38,-3.0,4.763,3.823,5.961,1.015,-3.0,4.916,7.111,-1.0,-2.999,-3.0,-4.0,2.0,0.464,-5.0,-1.0,-3.0,-5.0,3.856,-1.0,2.16,-4.0,-5.0,3.41,5.524,-1.0,0.0,-3.0,-2.0,1.256,2.079,-3.0,-1.0,-1.0,-5.0,3.104,6.841,-2.0,8.33,-2.0,0.0,-2.0,0.996,-4.0,6.255,0.0,-2.0,3.003,-3.0,3.114,2.072,-1.0,-1.0,-2.0,6.069,0.0,2.078,-1.0,-3.0,4.328,0.954,2.152,-3.0,1.203,3.364,4.308,-0.143,-2.0,-1.0,8.256,3.033,3.267,2.27,-2.0,-2.0,-5.0,-3.0,-1.0,3.233,-2.0,-3.0,0.0,3.634,-4.0,5.537,0.0,0.0,0.0,0.0,0.0,0.0,0.0,0.0,0.0,0.0
GoldGeo17,XAUUSDc,71,70.6793,106.019,4,3.8565,88.45,285,19.2982,0,9,0,0.01,1.6,4.0,0.0,0.3,15,1,12.242,8,0,0,0,0.0,0.0,0.0,0.0,0.0,0.0,0.0,0.377,-2.0,-2.0,4.85,-3.0,0.998,2.995,0.0,-2.0,-4.0,-2.0,-0.999,3.758,-3.0,-3.0,-2.999,-3.0,-1.0,-2.0,-1.0,-2.0,1.906,-2.0,-2.0,6.234,0.0,3.429,0.0,91.777,-3.0,5.088,3.395,6.086,1.015,-3.0,4.827,7.334,-1.0,-3.0,-3.0,-4.0,1.96,0.106,-5.0,0.0,1.984,-6.0,4.244,-1.0,2.018,-4.0,-5.0,3.513,4.825,-1.0,0.0,-4.0,-2.0,1.181,2.087,-3.0,-1.0,-1.0,-5.0,2.939,5.532,-1.999,9.572,-2.0,-1.0,-2.0,0.997,-4.0,6.139,0.0,-2.0,2.353,-3.0,7.795,2.072,-1.0,-0.999,-2.0,6.168,-4.0,1.041,-1.0,-3.0,4.368,0.931,2.268,-2.0,1.2,3.091,4.323,-0.118,-2.0,-1.0,8.316,2.959,2.326,2.178,-2.0,-2.0,-5.0,-2.999,-1.0,3.036,-1.999,-3.0,-1.0,3.536,-4.0,6.004,0.0,0.0,0.0,0.0,0.0,0.0,0.0,0.0,0.0,0.0
GoldGeo17,XAUUSDc,39,29.7927,44.689,4,1.4017,21.85,327,26.6055,0,9,0,0.01,1.6,3.0,0.0,0.3,15,1,34.925,3,0,0,0,0.0,0.0,0.0,0.0,0.0,0.0,0.0,6.214,-2.0,-2.0,2.292,-3.0,-0.001,1.986,0.0,-2.0,-4.0,1.967,-0.999,5.783,-3.0,-3.0,-0.045,1.88,3.037,3.09,-1.0,2.206,3.859,1.053,-1.999,2.145,0.0,2.203,9.764,5.308,2.181,3.683,2.096,3.921,0.003,-3.0,5.133,2.145,-1.0,-3.0,-3.0,-4.0,5.143,-3.081,-5.0,0.035,-3.0,-6.0,3.981,-1.0,-0.05,-4.0,-5.0,2.14,3.257,5.182,-2.0,0.577,-2.0,0.046,0.052,-3.0,-1.0,-1.0,-5.0,1.985,6.896,-1.999,1.955,-2.0,-1.0,-2.0,-0.002,-1.007,1.072,0.0,5.715,4.061,-3.0,2.46,1.04,-1.0,8.116,0.176,9.716,-4.0,0.026,-3.999,0.239,-5.0,1.055,1.078,-2.0,-0.952,5.207,0.0,6.14,-2.0,2.381,2.365,1.929,1.154,4.219,-2.0,1.71,-5.0,-2.999,0.969,1.024,-1.999,-3.0,1.427,2.321,-4.0,3.023,0.0,0.0,0.0,0.0,0.0,0.0,0.0,0.0,0.0,0.0
GoldGeo17,XAUUSDc,21,15.644,23.466,4,1.1343,29.34,381,34.6457,0,5,0,0.01,1.6,2.0,0.0,0.5,15,1,16.581,1,0,0,0,0.0,0.0,0.0,0.0,0.0,0.0,1.972,1.035,-2.0,-1.01,3.047,-4.0,3.971,0.99,0.0,-2.0,-4.0,0.886,-0.998,3.675,-3.0,-1.608,1.918,2.845,-1.0,4.885,-1.0,1.771,-0.145,-1.021,0.083,0.979,-1.884,-0.014,2.914,1.003,-0.035,2.235,1.078,1.848,0.97,-3.0,3.102,1.024,-1.0,-2.999,-3.0,-4.0,2.895,1.94,-2.014,3.401,-0.004,-3.0,1.957,-1.0,-1.99,-4.0,-5.0,0.031,2.105,5.181,-0.005,-0.386,-0.062,-4.0,-0.996,1.958,3.061,0.991,-0.079,0.993,4.252,-2.0,0.977,-2.0,0.0,-3.0,-1.002,-2.005,0.029,-0.452,0.016,2.275,-0.009,0.994,0.007,-1.0,4.076,-0.765,6.247,-4.0,-0.987,1.009,-0.974,-1.936,-1.063,0.048,1.076,-1.982,5.044,0.0,3.105,-2.0,1.114,2.949,0.953,2.009,2.115,-2.0,5.348,-5.0,-3.0,2.016,4.0,0.067,2.069,-3.0,5.02,-3.0,1.332,0.0,0.0,0.0,0.0,0.0,0.0,0.0,0.0,0.0,0.0
GoldGeo17,XAUUSDc,70,123.5687,185.353,4,6.155,86.19,284,19.0141,0,7,0,0.01,1.6,4.0,0.0,0.3,15,1,25.604,12,0,0,0,0.0,0.0,0.0,0.0,0.0,0.0,0.0,0.181,-2.0,-2.0,4.803,-3.0,0.957,2.995,0.0,-2.0,-4.0,-2.0,-1.0,3.993,-3.0,-2.0,-2.999,-3.0,-1.0,-2.0,-1.0,-2.0,1.843,-2.0,-2.0,8.348,0.0,3.288,0.0,157.749,-3.0,4.387,5.786,6.087,1.015,-3.0,4.507,7.214,-1.0,-3.0,-3.0,-4.0,1.998,1.25,-5.0,-1.0,-3.0,-6.0,4.555,-1.0,2.138,-4.0,-5.0,4.151,5.555,-1.0,0.0,-4.0,-2.0,1.149,2.09,-3.0,-1.0,-1.0,-5.0,3.096,19.193,-1.0,8.856,-2.0,0.0,-3.0,0.997,-4.0,6.481,0.0,-2.0,3.512,-3.0,3.883,2.072,-1.0,-0.999,-2.0,6.06,-4.0,1.086,-1.0,-3.0,4.207,0.94,2.154,-2.0,1.168,3.181,4.323,-0.118,-2.0,-1.0,9.028,3.033,2.752,2.178,-2.0,-2.0,-5.0,-3.0,-1.0,3.122,-2.0,-4.0,0.0,3.485,-4.0,5.623,0.0,0.0,0.0,0.0,0.0,0.0,0.0,0.0,0.0,0.0
GoldGeo17,XAUUSDc,64,5.012,7.518,4,0.163,134.45,288,17.7083,0,3,0,0.01,1.4,4.0,0.0,0.3,15,1,-2.59,10,0,0,0,0.0,0.0,0.0,0.0,0.0,0.0,0.0,-0.013,-2.0,-2.0,3.983,-4.0,0.998,3.03,0.0,-2.0,-4.0,-2.0,0.0,-0.999,-3.0,-3.0,-2.999,-3.0,-1.0,-3.0,-3.0,-2.0,1.989,-2.0,-2.0,4.016,-4.0,-2.0,1.057,-2.0,-3.0,4.63,4.393,6.023,1.06,-3.0,5.408,7.492,-1.0,-3.0,-3.0,-4.0,2.023,1.724,-5.0,-2.0,-3.0,-5.0,3.898,-1.0,2.318,-4.0,-5.0,3.865,5.237,-1.0,0.0,-4.0,-2.0,1.464,2.272,-3.0,-1.0,-1.0,-5.0,3.384,7.952,-2.0,8.809,-2.0,0.0,-3.0,0.996,-4.0,6.664,0.0,-2.0,4.079,-3.0,7.739,2.244,-1.0,-1.0,-0.999,5.824,0.0,3.088,-1.0,-3.0,4.727,1.079,2.079,-3.0,1.469,3.325,4.307,-0.103,-2.0,-1.0,10.528,3.092,2.551,2.368,-2.0,-2.0,-5.0,-3.0,-1.0,2.393,-2.0,-4.0,0.0,3.946,-4.0,9.108,0.0,0.0,0.0,0.0,0.0,0.0,0.0,0.0,0.0,0.0
GoldGeo17,XAUUSDc,80,9.5113,14.267,4,0.339,70.85,278,18.3453,0,3,0,0.01,1.4,4.0,0.0,0.5,15,1,4.159,10,0,0,0,0.0,0.0,0.0,0.0,0.0,0.0,0.0,-0.013,-2.0,-2.0,3.983,-4.0,0.997,3.03,0.0,-2.0,-3.0,-2.0,0.0,-1.0,-3.0,-2.0,-3.0,-3.0,-1.0,-3.0,-1.0,-2.0,1.989,-2.0,-2.0,4.016,-4.0,-2.0,1.057,-2.0,-3.0,4.63,4.393,6.023,1.06,-3.0,5.408,7.492,-1.0,-3.0,-3.0,-4.0,2.023,1.134,-5.0,-2.0,-2.0,-5.0,3.898,-1.0,2.318,-4.0,-5.0,3.865,5.237,-1.0,0.0,-4.0,-2.0,1.088,2.272,-3.0,-1.0,-1.0,-5.0,3.213,7.952,-1.0,8.809,-2.0,0.0,0.0,0.996,-4.0,6.632,0.0,-2.0,4.079,-3.0,7.739,2.153,-1.0,-1.0,-0.999,5.824,0.0,3.088,-1.0,-3.0,4.481,1.006,2.079,-2.0,1.469,3.208,4.307,-0.103,-2.0,-1.0,8.976,3.092,2.551,2.368,-2.0,-2.0,-5.0,-3.0,-1.0,2.393,-2.0,-4.0,0.0,3.946,-4.0,9.108,0.0,0.0,0.0,0.0,0.0,0.0,0.0,0.0,0.0,0.0
GoldGeo17,XAUUSDc,40,3.5107,5.266,4,0.155,121.19,358,22.905,0,3,0,0.01,1.8,3.0,0.0,0.3,15,1,-1.116,4,0,0,0,0.0,0.0,0.0,0.0,0.0,0.0,0.0,6.486,-2.0,-2.0,2.836,-3.999,6.057,1.986,-2.0,-3.0,-4.0,3.029,-1.0,6.285,-3.0,-4.0,-0.052,2.684,0.034,2.205,-3.0,-3.0,0.982,1.948,-2.0,2.211,-3.998,-1.999,-0.052,-0.016,1.462,4.24,3.285,3.952,0.028,-3.0,6.604,2.067,-1.0,-3.0,-3.0,-4.0,4.012,-2.504,-5.0,1.896,-3.0,-6.0,4.053,-1.0,0.554,-4.0,-5.0,2.432,3.589,5.315,-2.0,2.693,-2.0,0.393,0.288,-3.0,-2.0,-1.0,-5.0,2.251,1.123,-2.0,1.933,-2.0,-2.0,-2.0,-0.003,-0.984,1.525,-4.0,1.28,7.492,-3.0,-4.0,1.202,-1.0,8.391,0.028,8.303,-4.0,0.032,-2.0,0.454,-5.0,1.984,1.024,-2.0,-0.857,5.462,0.0,6.765,-2.0,2.532,-2.0,6.128,1.272,4.434,-2.0,2.052,-5.0,-3.0,1.182,0.098,-2.0,-4.0,0.275,2.56,-4.0,5.342,0.0,0.0,0.0,0.0,0.0,0.0,0.0,0.0,0.0,0.0
GoldGeo17,XAUUSDc,42,6.9227,10.384,4,0.2438,41.16,336,24.7024,0,7,0,0.01,1.8,3.0,0.0,0.3,15,1,6.11,0,0,0,0,0.0,0.0,0.0,0.0,0.0,0.0,0.0,6.156,-2.0,-2.0,2.483,-4.0,-0.001,1.986,0.0,-2.0,-4.0,2.166,-1.0,2.072,-3.0,-3.0,0.04,1.914,3.034,-3.0,-1.0,2.175,3.864,1.095,-1.999,2.308,0.0,2.221,2.232,5.633,2.133,3.29,3.007,3.94,0.003,-3.0,5.293,2.108,-1.0,-3.0,-3.0,-4.0,3.96,-2.963,-5.0,0.234,-3.0,-6.0,4.047,-1.0,0.07,-4.0,-5.0,2.224,3.464,5.263,-3.0,-3.0,-2.0,0.06,0.047,-3.0,-1.0,-1.0,-5.0,2.043,2.011,-2.0,1.941,-2.0,-2.0,-2.0,-0.002,-1.007,1.247,-2.0,1.0,4.582,-3.0,1.89,1.04,-1.0,8.222,0.117,9.765,-4.0,0.026,-3.999,0.141,-5.0,1.137,1.079,-2.0,-0.959,5.272,0.0,6.202,-2.0,2.381,3.274,1.968,1.243,4.219,-2.0,2.157,-5.0,-3.0,1.021,0.106,-3.0,-3.0,1.174,2.59,-4.0,2.944,0.0,0.0,0.0,0.0,0.0,0.0,0.0,0.0,0.0,0.0
GoldGeo17,XAUUSDc,74,15.657,31.314,3,0.9245,59.12,295,17.9661,0,7,0,0.01,1.8,4.0,0.0,0.3,15,1,12.801,13,0,0,0,0.0,0.0,0.0,0.0,0.0,0.0,0.0,0.373,-2.0,-2.0,7.466,-4.0,0.962,2.995,0.0,-2.0,-4.0,-2.0,-1.0,4.217,-3.0,-3.0,-2.999,-3.0,-1.0,-3.0,-1.0,-2.0,1.846,-2.0,-3.0,18.513,0.0,3.416,3.817,-2.0,-3.0,4.478,10.028,6.183,1.015,-3.0,4.904,7.354,-1.0,-3.0,-3.0,-4.0,2.031,2.0,-5.0,-2.0,-3.0,-6.0,-1.0,-1.0,2.267,-4.0,-5.0,5.185,7.227,-1.0,0.0,-4.0,-2.0,1.168,2.093,-3.0,-1.0,-1.0,-5.0,3.159,-2.0,-2.0,9.837,-2.0,-2.0,-2.0,0.997,-4.0,6.969,-2.0,4.13,5.164,-3.0,6.388,2.072,-1.0,-0.999,-2.0,6.113,-4.0,1.086,-1.0,-3.0,4.234,0.94,2.154,-2.0,1.181,3.224,4.323,-0.118,-2.0,-1.0,10.249,3.033,3.177,2.178,-2.0,-2.0,-5.0,-3.0,-1.0,2.122,-3.0,-3.0,0.0,3.601,-4.0,8.561,0.0,0.0,0.0,0.0,0.0,0.0,0.0,0.0,0.0,0.0
GoldGeo17,XAUUSDc,79,-10.353,-20.706,3,-0.4586,0.0,307,15.9609,0,9,0,0.01,2.0,4.0,0.0,0.3,15,1,-35.264,11,0,0,0,0.0,0.0,0.0,0.0,0.0,0.0,0.0,1.432,-2.0,-2.0,13.558,-3.0,1.034,2.995,0.0,-2.0,-4.0,-2.0,-0.999,3.932,-3.0,-4.0,-2.999,-3.0,-1.0,-2.0,-1.0,-3.0,1.932,-2.0,-3.0,-1.0,-4.0,-1.999,2.06,-2.0,-3.0,7.234,4.049,6.318,1.015,-3.0,7.136,7.728,-1.0,-3.0,-3.0,-4.0,1.977,0.536,-5.0,-1.0,-3.0,-6.0,-1.0,-1.0,2.125,-4.0,-5.0,4.139,6.249,-1.0,-0.998,-4.0,-2.0,1.335,2.133,-3.0,-0.999,-1.0,-4.0,1.949,-2.0,-1.999,15.852,-2.0,-3.0,-2.0,0.997,-4.0,6.412,-3.0,4.181,2.766,-3.0,-4.0,2.072,-1.0,-0.999,-2.999,6.394,-4.0,1.041,-1.0,-3.0,4.724,0.931,2.426,-3.0,1.289,3.091,4.323,-0.118,-2.0,-1.0,9.111,2.959,2.372,2.178,-2.0,-2.0,-5.0,-3.0,-1.0,2.036,-1.999,-4.0,-1.999,4.38,-4.0,-2.0,0.0,0.0,0.0,0.0,0.0,0.0,0.0,0.0,0.0,0.0
GoldGeo17,XAUUSDc,53,46.8393,70.259,4,2.2777,67.75,338,25.4438,0,5,0,0.01,1.6,3.0,0.0,0.5,15,1,22.659,2,0,0,0,0.0,0.0,0.0,0.0,0.0,0.0,0.0,6.261,-2.0,-2.0,2.113,-4.0,-0.001,1.986,0.0,-2.0,-4.0,1.958,-0.998,5.8,-3.0,-3.0,-0.046,1.931,3.034,45.6,-1.0,2.417,3.94,1.062,-2.0,2.104,-4.0,-2.0,-0.052,5.566,2.076,4.052,2.492,3.893,0.003,-3.0,5.731,2.065,-1.0,-2.999,-3.0,-4.0,3.946,-3.103,-5.0,0.278,-3.0,-5.0,3.978,-1.0,0.096,-4.0,-5.0,2.203,3.337,5.068,-2.0,1.396,-2.0,-0.086,0.039,-3.0,-1.0,-1.0,-5.0,2.002,11.438,-2.0,1.929,-2.0,0.0,-3.0,-0.003,-1.007,1.154,-2.0,1.069,4.716,-3.0,1.485,1.04,-1.0,8.225,0.471,9.95,-4.0,0.026,-3.0,0.132,-5.0,1.054,1.079,-3.0,-0.956,5.292,0.0,6.456,-2.0,2.244,2.265,1.968,1.717,4.284,-2.0,2.002,-5.0,-3.0,1.098,1.051,-2.0,-3.0,1.255,2.189,-4.0,3.494,0.0,0.0,0.0,0.0,0.0,0.0,0.0,0.0,0.0,0.0
GoldGeo17,XAUUSDc,38,60.4892,72.587,5,2.2677,26.82,328,26.5244,0,7,0,0.01,1.6,3.0,0.0,0.3,15,1,53.121,4,0,0,0,0.0,0.0,0.0,0.0,0.0,0.0,0.0,6.09,-2.0,-2.0,2.277,-3.0,-0.001,1.986,0.0,-2.0,-4.0,2.065,-1.0,6.187,-3.0,-2.0,0.006,1.902,3.034,15.45,-1.0,2.022,3.855,1.062,-2.0,2.147,0.0,2.156,19.466,5.307,2.071,3.237,2.562,3.922,0.003,-3.0,5.172,2.108,-1.0,-3.0,-3.0,-4.0,3.943,-3.003,-5.0,0.172,-3.0,-6.0,4.032,-1.0,0.011,-4.0,-5.0,2.203,3.338,5.263,-2.0,0.925,-2.0,0.06,0.047,-3.0,-1.0,-1.0,-5.0,2.036,10.966,-2.0,1.941,-2.0,0.0,-3.0,-0.002,-1.007,1.153,0.0,8.012,4.337,-3.0,1.474,1.04,-1.0,8.222,0.117,9.547,-4.0,0.026,-3.999,0.141,-5.0,1.113,1.079,-2.0,-0.959,5.251,0.0,6.19,-2.0,2.381,2.719,1.968,1.243,4.219,-2.0,1.921,-5.0,-3.0,1.021,1.08,-2.0,-4.0,1.174,2.36,-4.0,2.746,0.0,0.0,0.0,0.0,0.0,0.0,0.0,0.0,0.0,0.0
GoldGeo17,XAUUSDc,76,1.424,2.848,3,0.0559,1245.82,344,12.2093,0,3,0,0.01,2.0,4.0,0.0,0.3,15,1,-32.633,17,0,0,0,0.0,0.0,0.0,0.0,0.0,0.0,0.0,0.13,-2.0,-4.0,21.714,-4.0,1.084,3.073,-2.0,-3.0,-4.0,-2.0,-0.999,-2.0,-3.0,-5.0,-2.999,-3.0,-4.0,-3.0,-3.0,-3.0,2.397,-1.999,-3.999,5.088,-4.0,-1.999,1.426,-2.0,-4.0,8.745,34.481,6.379,1.065,-3.0,-1.0,2.207,-1.0,-3.0,-3.0,-4.0,2.12,-6.0,-5.0,-4.0,-3.0,-6.0,-2.0,-1.0,4.217,-4.0,-5.0,13.374,26.663,-1.0,-1.0,-4.0,-2.0,4.039,3.131,-3.0,-2.0,2.03,-4.0,5.055,-3.0,-2.0,22.984,-2.0,-1.0,-3.0,0.997,-4.0,1.003,-4.0,-2.0,1.417,-3.0,-4.0,2.368,-1.0,-3.0,-2.0,6.334,-3.999,1.172,-1.0,-4.0,-5.0,11.267,2.079,-4.0,3.082,4.078,4.313,-0.103,-2.0,-1.0,3.462,-1.0,4.05,2.541,-2.0,-3.0,-6.0,-2.999,-1.0,2.923,-3.0,-3.0,-4.0,4.455,-4.0,-1.999,0.0,0.0,0.0,0.0,0.0,0.0,0.0,0.0,0.0,0.0
GoldGeo17,XAUUSDc,75,4.926,9.852,3,0.2931,212.81,303,17.1617,0,9,0,0.01,1.8,4.0,0.0,0.3,15,1,-11.114,8,0,0,0,0.0,0.0,0.0,0.0,0.0,0.0,0.0,0.787,-2.0,-2.0,7.571,-3.0,1.017,2.995,0.0,-1.999,-4.0,-2.0,-1.0,3.805,-3.0,-4.0,-2.999,-3.0,-1.0,-2.0,-1.0,-3.0,1.918,-2.0,-2.0,10.42,-4.0,-2.0,1.624,-2.0,-3.0,5.825,3.655,6.182,1.016,-3.0,5.651,7.532,-1.0,-3.0,-3.0,-4.0,1.977,0.28,-5.0,-1.0,-3.0,-6.0,4.691,-1.0,2.067,-4.0,-5.0,3.723,5.356,-1.0,-1.0,-4.0,-2.0,1.268,2.087,-3.0,-1.0,-1.0,-5.0,2.942,-2.0,-1.999,11.598,-2.0,-3.0,-2.0,0.997,-4.0,6.259,0.0,-3.0,2.539,-3.0,18.966,2.072,-1.0,-0.999,-2.0,6.279,-3.999,1.041,-1.0,-3.0,4.457,0.931,2.318,-3.0,1.239,3.091,4.323,-0.118,-2.0,-1.0,8.598,2.959,2.349,2.178,-2.0,-2.0,-5.0,-3.0,-1.0,2.036,-1.999,-4.0,-2.0,3.885,-4.0,9.46,0.0,0.0,0.0,0.0,0.0,0.0,0.0,0.0,0.0,0.0
GoldGeo17,XAUUSDc,48,45.32,54.384,5,1.8855,45.5,328,25.9146,0,3,0,0.01,1.4,3.0,0.0,0.5,15,1,29.641,2,0,0,0,0.0,0.0,0.0,0.0,0.0,0.0,0.0,6.117,-2.0,-2.0,2.263,-4.0,0.013,1.986,0.0,-2.0,-3.0,1.986,0.0,1.926,-3.0,-2.0,-0.058,2.091,3.034,22.743,-1.0,2.456,3.958,1.244,-2.0,2.026,-4.0,-2.0,-0.052,5.383,2.062,3.345,2.336,3.898,0.028,-3.0,5.361,2.055,-1.0,-3.0,-3.0,-4.0,5.373,-3.008,-5.0,0.432,-2.0,-5.0,4.018,-1.0,0.11,-4.0,-5.0,2.27,3.282,5.254,-2.0,0.312,-2.0,-0.007,0.121,-3.0,-1.0,-1.0,-5.0,2.055,7.737,-2.0,1.933,-2.0,0.0,0.0,-0.003,-1.007,1.201,0.0,7.3,4.632,-3.0,1.978,1.097,-1.0,8.347,0.028,10.157,-4.0,0.032,-3.0,0.208,-5.0,1.36,1.024,-2.0,-0.857,5.24,0.0,6.704,-2.0,2.316,2.674,1.968,1.25,4.374,-2.0,1.638,-5.0,-3.0,1.182,0.043,-2.0,-4.0,1.256,2.121,-4.0,3.038,0.0,0.0,0.0,0.0,0.0,0.0,0.0,0.0,0.0,0.0
GoldGeo17,XAUUSDc,81,20.8513,31.277,4,1.0502,25.07,272,20.5882,0,5,0,0.01,1.4,4.0,0.0,0.5,15,1,23.436,7,0,0,0,0.0,0.0,0.0,0.0,0.0,0.0,0.0,0.084,-2.0,-2.0,3.565,-3.0,0.948,2.994,0.0,-1.999,-4.0,-2.0,3.52,3.703,-3.0,-2.0,-3.0,-3.0,-1.0,-2.0,-1.0,-2.0,1.927,-2.0,4.845,4.392,0.0,3.596,0.0,4.308,-3.0,4.763,3.823,5.961,1.015,-3.0,4.916,7.111,-1.0,-2.999,-3.0,-4.0,2.0,0.238,-5.0,-1.0,-2.0,-5.0,3.856,-1.0,2.16,-4.0,-5.0,3.41,5.524,-1.0,0.0,-3.0,-2.0,0.95,2.079,-3.0,-1.0,-1.0,-5.0,3.024,6.841,-1.0,8.33,-2.0,0.0,-1.0,1.996,-4.0,6.255,0.0,-2.0,3.003,-3.0,3.114,2.072,-1.0,-1.0,-2.0,6.069,0.0,2.078,-1.0,-3.0,4.194,0.954,2.152,-2.0,1.203,3.247,4.308,-0.143,-2.0,-1.0,7.916,3.033,3.267,2.27,-2.0,-2.0,-5.0,-3.0,-1.0,3.233,-2.0,-3.0,0.0,3.634,-4.0,5.537,0.0,0.0,0.0,0.0,0.0,0.0,0.0,0.0,0.0,0.0
GoldGeo17,XAUUSDc,83,24.932,37.398,4,1.3738,41.64,271,20.6642,0,9,0,0.01,1.4,4.0,0.0,0.5,15,1,21.825,5,0,0,0,0.0,0.0,0.0,0.0,0.0,0.0,0.0,0.141,-2.0,-2.0,3.766,-3.0,0.974,2.995,0.0,-2.0,-4.0,-2.0,-1.999,3.031,-3.0,-2.0,-3.0,-3.0,-1.0,5.842,-1.0,-2.0,1.87,-1.999,4.377,4.643,0.0,3.275,0.0,13.573,-3.0,4.144,3.266,5.989,1.015,-3.0,4.356,7.237,-1.0,-3.0,-3.0,-4.0,1.96,-0.133,-5.0,0.0,1.914,-6.0,3.992,-1.0,1.987,-4.0,-5.0,3.35,4.567,-1.0,0.0,-3.0,-2.0,1.054,2.087,-3.0,-1.0,-1.0,-5.0,2.939,3.912,-1.0,8.614,-2.0,0.0,-2.0,0.996,-4.0,6.104,0.0,0.0,4.038,-3.0,3.861,2.072,-1.0,-0.999,-0.999,4.712,-2.998,1.041,-1.0,-3.0,4.203,0.931,2.217,-1.0,1.2,3.091,4.323,-0.118,-2.0,-1.0,7.858,2.959,2.326,2.178,-2.0,-2.0,-4.0,-2.999,-1.0,3.036,-1.999,-3.0,0.0,3.907,-4.0,4.718,0.0,0.0,0.0,0.0,0.0,0.0,0.0,0.0,0.0,0.0
GoldGeo17,XAUUSDc,3,28.2692,33.923,5,1.8919,7.05,383,36.0313,0,9,0,0.01,1.4,2.0,0.0,0.3,15,1,31.533,0,0,0,0,0.0,0.0,0.0,0.0,0.0,0.0,1.972,1.037,1.942,0.05,3.122,-3.0,4.066,0.99,0.0,-2.0,-4.0,0.89,-1.999,2.883,-3.0,-1.61,1.895,2.832,-4.0,-0.044,-1.0,1.799,-0.179,-1.03,0.0,0.995,-1.956,-0.014,2.94,0.996,-0.015,2.129,1.014,1.847,0.97,-3.0,3.006,1.047,-1.0,-3.0,-3.0,-5.0,1.888,1.882,-1.948,4.043,2.882,-2.989,1.957,-1.0,-0.699,-4.0,-5.0,1.029,2.1,6.096,-0.033,-0.82,-0.017,-2.0,-1.984,1.928,3.094,0.991,0.948,0.985,3.965,-1.999,3.993,-2.0,0.0,-4.0,-1.001,-2.005,-0.011,-0.786,-0.001,2.136,-1.009,0.061,5.122,0.055,4.026,-0.907,4.231,-1.029,0.013,0.996,-0.904,-1.0,-2.05,5.185,0.172,-1.977,4.022,2.265,4.396,-2.0,1.203,-0.076,-3.0,2.027,6.938,-2.0,-1.665,-2.03,-2.999,2.955,4.127,0.14,2.039,-2.0,4.129,-3.0,0.268,0.0,0.0,0.0,0.0,0.0,0.0,0.0,0.0,0.0,0.0
GoldGeo17,XAUUSDc,10,28.5225,34.227,5,2.4458,28.27,380,35.0,0,7,0,0.01,1.8,2.0,0.0,0.3,15,1,24.551,1,0,0,0,0.0,0.0,0.0,0.0,0.0,0.0,1.972,1.041,1.922,0.05,3.16,-4.0,4.208,0.99,0.0,-2.0,-4.0,0.967,-1.0,0.891,-3.0,-0.11,1.952,2.841,-4.0,-0.021,-1.0,1.854,-0.19,-1.022,0.038,1.109,-1.944,-0.014,3.12,1.051,-0.028,2.048,1.227,1.882,0.97,-3.0,3.004,1.064,-1.0,-3.0,-3.0,-5.0,1.896,2.099,-1.915,4.386,-0.004,-3.002,1.957,-1.0,6.668,-4.0,-5.0,1.031,2.115,6.136,-1.009,-3.0,0.031,-2.0,-1.989,1.973,3.167,0.991,1.002,1.011,0.991,-2.0,3.993,-2.0,-2.0,-3.0,-1.001,-2.005,0.044,-0.268,-0.001,2.529,-1.009,0.079,5.324,0.126,4.1,-0.942,4.241,-1.029,0.013,1.097,-0.965,-2.0,-2.001,5.404,0.105,-1.984,4.022,2.275,4.523,-2.0,1.203,-0.076,-3.0,2.066,7.211,-1.0,-2.0,-2.03,-3.0,2.973,4.056,0.257,2.046,-2.0,4.09,-3.0,0.194,0.0,0.0,0.0,0.0,0.0,0.0,0.0,0.0,0.0,0.0
GoldGeo17,XAUUSDc,9,41.2483,49.498,5,3.5646,30.97,381,35.4331,0,5,0,0.01,1.8,2.0,0.0,0.3,15,1,34.168,1,0,0,0,0.0,0.0,0.0,0.0,0.0,0.0,1.972,1.069,1.923,0.049,3.069,-4.0,4.629,0.99,0.0,-1.999,-4.0,0.899,-0.999,3.681,-3.0,0.476,1.938,2.852,-4.0,0.033,-0.015,1.786,-0.137,-1.021,0.108,1.02,-1.831,-0.014,3.055,1.328,0.014,2.338,1.122,1.851,0.97,-3.0,3.153,1.024,-1.0,-3.0,-3.0,-5.0,1.895,2.041,-1.879,4.729,-0.004,-2.999,1.957,-1.0,12.322,-4.0,-5.0,1.031,2.114,6.381,-1.005,-3.0,0.074,-2.0,-1.996,1.971,3.124,0.991,0.983,1.011,1.004,-2.0,3.985,-2.0,0.0,-4.0,-1.002,-2.005,0.044,1.238,0.016,2.731,-1.009,0.077,5.63,0.12,4.076,-0.625,4.322,-1.029,0.013,1.009,-0.911,-1.0,-2.05,5.345,0.209,-1.982,4.111,2.363,4.641,-2.0,1.199,-0.076,-3.0,2.02,7.341,-1.0,-2.0,-2.03,-4.0,3.016,4.098,0.067,2.065,-2.0,4.045,-3.0,0.358,0.0,0.0,0.0,0.0,0.0,0.0,0.0,0.0,0.0,0.0
GoldGeo17,XAUUSDc,11,22.9733,34.46,4,1.8618,12.52,382,35.6021,0,9,0,0.01,1.8,2.0,0.0,0.3,15,1,30.146,0,0,0,0,0.0,0.0,0.0,0.0,0.0,0.0,1.972,1.109,1.957,0.05,3.221,-3.0,4.129,0.99,0.0,-1.999,-4.0,0.915,-1.0,3.683,-3.0,-0.223,1.911,2.832,-4.0,-0.044,-1.0,1.833,-0.169,-1.03,0.008,1.105,-1.944,-0.014,3.06,1.053,0.014,2.343,1.014,1.881,0.971,-3.0,3.032,1.066,-1.0,-3.0,-3.0,-5.0,1.888,1.936,-1.872,4.159,-0.004,-2.978,1.957,-1.0,1.306,-4.0,-5.0,1.029,2.109,6.096,-0.033,-0.617,-0.017,-2.0,-1.984,1.928,3.117,0.991,1.002,0.985,0.986,-1.999,3.993,-2.0,-2.0,-3.0,-1.001,-2.005,-0.011,-0.55,-0.001,2.163,-1.009,0.061,5.324,0.055,4.026,-0.883,4.248,-1.029,0.013,0.996,-0.904,-1.0,-2.05,5.185,0.284,-1.977,4.022,2.265,4.396,-2.0,1.203,-0.076,-3.0,2.027,6.938,-2.0,-1.643,-2.03,-3.0,2.955,4.127,0.168,2.039,-2.0,4.129,-3.0,0.301,0.0,0.0,0.0,0.0,0.0,0.0,0.0,0.0,0.0,0.0
GoldGeo17,XAUUSDc,6,31.6125,37.935,5,2.0741,11.85,378,35.9788,0,7,0,0.01,1.6,2.0,0.0,0.3,15,1,33.438,0,0,0,0,0.0,0.0,0.0,0.0,0.0,0.0,1.972,1.024,1.922,0.05,3.102,-3.0,4.112,0.99,0.0,-2.0,-4.0,0.928,-1.0,3.832,-3.0,-1.065,1.926,2.841,-4.0,-0.021,-1.0,1.824,-0.19,-1.022,0.03,1.034,-1.956,-0.014,3.026,1.02,-0.035,2.048,1.148,1.871,0.97,-3.0,3.004,1.064,-1.0,-3.0,-3.0,-5.0,1.896,2.009,-1.929,4.226,-0.004,-3.002,1.957,-1.0,1.489,-4.0,-5.0,1.031,2.106,6.136,-0.009,-0.565,0.031,-2.0,-1.989,1.96,3.152,0.991,0.971,1.011,4.203,-2.0,3.993,-2.0,0.0,-4.0,-1.001,-2.005,0.029,-0.602,-0.001,2.351,-1.009,0.07,5.198,0.126,4.1,-0.942,4.224,-1.029,0.013,1.073,-0.965,-2.0,-2.001,5.404,0.089,-1.984,4.022,2.275,4.492,-2.0,1.203,-0.076,-3.0,2.066,7.211,-1.0,-2.0,-2.03,-3.0,2.973,4.044,0.188,2.046,-2.0,4.09,-3.0,0.194,0.0,0.0,0.0,0.0,0.0,0.0,0.0,0.0,0.0,0.0
GoldGeo17,XAUUSDc,7,29.0258,34.831,5,1.7366,8.38,381,35.958,0,9,0,0.01,1.6,2.0,0.0,0.3,15,1,31.912,0,0,0,0,0.0,0.0,0.0,0.0,0.0,0.0,1.972,1.069,1.942,0.05,3.132,-3.0,4.073,0.99,0.0,-2.0,-4.0,0.895,-0.999,3.677,-3.0,-1.115,1.896,2.832,-4.0,-0.044,-1.0,1.806,-0.169,-1.03,0.0,1.032,-1.956,-0.014,2.979,1.022,-0.004,2.238,1.014,1.87,0.97,-3.0,3.018,1.066,-1.0,-3.0,-3.0,-5.0,1.888,1.903,-1.903,4.091,-0.004,-2.984,1.957,-1.0,-0.089,-4.0,-5.0,1.029,2.1,6.096,-0.033,-0.732,-0.017,-2.0,-1.984,1.928,3.11,0.991,0.971,0.985,4.087,-1.999,3.993,-2.0,-1.0,-3.0,-1.001,-2.005,-0.011,-0.713,-0.001,2.136,-1.009,0.061,5.198,0.055,4.026,-0.907,4.231,-1.029,0.013,0.996,-0.904,-1.0,-2.05,5.185,0.202,-1.977,4.022,2.265,4.396,-2.0,1.203,-0.076,-3.0,2.027,6.938,-2.0,-1.665,-2.03,-2.999,2.955,4.127,0.14,2.039,-2.0,4.129,-3.0,0.268,0.0,0.0,0.0,0.0,0.0,0.0,0.0,0.0,0.0,0.0
GoldGeo17,XAUUSDc,5,32.55,39.06,5,2.3406,15.08,380,35.7895,0,5,0,0.01,1.6,2.0,0.0,0.3,15,1,33.17,1,0,0,0,0.0,0.0,0.0,0.0,0.0,0.0,1.972,1.035,1.923,0.049,3.047,-4.0,4.336,0.99,0.0,-2.0,-4.0,0.886,-0.998,3.675,-3.0,-0.874,1.917,2.845,-4.0,0.028,-0.015,1.772,-0.145,-1.021,0.083,0.979,-1.884,-0.014,2.987,1.171,-0.004,2.235,1.078,1.848,0.97,-3.0,3.102,1.024,-1.0,-2.999,-3.0,-5.0,1.895,1.963,-1.909,4.401,-0.004,-3.0,1.957,-1.0,2.882,-4.0,-5.0,1.031,2.105,6.256,-1.005,-3.0,0.074,-2.0,-1.996,1.958,3.124,0.991,0.95,1.011,4.252,-2.0,3.985,-2.0,0.0,-4.0,-1.002,-2.005,0.029,-0.096,0.016,2.456,-1.009,0.068,5.337,0.12,4.076,-0.765,4.244,-1.029,0.013,1.009,-0.911,-1.0,-2.05,5.345,0.146,-1.982,4.093,2.363,4.61,-2.0,1.199,-0.076,-3.0,2.02,7.341,-1.0,-2.0,-2.03,-3.0,3.016,4.086,0.067,2.065,-2.0,4.045,-3.0,0.332,0.0,0.0,0.0,0.0,0.0,0.0,0.0,0.0,0.0,0.0
GoldGeo17,XAUUSDc,8,35.61,53.415,4,3.85,29.04,391,34.5269,0,3,0,0.01,1.8,2.0,0.0,0.3,15,1,37.903,2,0,0,0,0.0,0.0,0.0,0.0,0.0,0.0,1.972,1.07,1.978,0.082,3.216,-3.999,1.293,0.99,-2.0,0.016,-4.0,1.319,-1.0,3.786,-3.0,6.054,2.15,3.005,-4.0,0.287,-0.015,1.93,-0.137,-0.954,0.14,0.987,-1.692,-0.014,-1.062,3.442,-0.941,2.315,1.141,1.867,0.97,-3.0,3.173,1.025,-1.0,-3.0,-3.0,-5.0,1.917,2.087,-1.772,4.797,-0.004,-3.002,1.988,-1.0,12.504,-4.0,-5.0,1.088,2.075,6.119,0.071,0.108,0.147,-2.0,-1.965,2.053,3.255,0.991,1.102,1.047,0.004,-2.0,4.01,-2.0,-2.0,-3.0,-1.002,-1.992,0.12,-4.0,0.016,3.058,-1.008,0.148,7.382,0.12,4.092,-1.004,4.758,-0.029,-0.98,1.371,-0.878,-0.985,-1.918,5.304,1.343,-1.948,4.053,2.774,5.063,-2.0,1.261,0.02,-2.999,2.018,7.502,-1.0,-2.0,-2.03,-4.0,3.066,4.272,0.011,2.066,-2.0,4.049,-3.0,0.307,0.0,0.0,0.0,0.0,0.0,0.0,0.0,0.0,0.0,0.0
GoldGeo17,XAUUSDc,2,34.3158,41.179,5,2.3648,9.41,373,36.4611,0,7,0,0.01,1.4,2.0,0.0,0.3,15,1,37.304,0,0,0,0,0.0,0.0,0.0,0.0,0.0,0.0,1.972,1.011,1.922,0.05,3.09,-3.0,4.086,0.99,0.0,-2.0,-3.999,0.905,0.0,0.91,-3.0,-1.592,1.917,2.841,-4.0,-0.021,-1.0,1.805,-0.19,-1.022,0.023,0.997,-1.956,-0.014,2.973,0.996,-0.04,2.048,1.121,1.848,0.97,-3.0,2.992,1.047,-1.0,-3.0,-3.0,-5.0,1.896,1.949,-1.964,4.132,2.882,-3.002,1.957,-1.0,-0.302,-4.0,-5.0,1.031,2.106,6.136,-0.009,-0.75,0.031,-2.0,-1.989,1.946,3.145,0.991,0.948,1.011,4.003,-2.0,3.993,-2.0,0.0,-4.0,-1.001,-2.005,0.029,-0.76,-0.001,2.247,-1.009,0.07,5.122,0.126,4.1,-0.942,4.224,-1.029,0.013,1.062,-0.965,-2.0,-2.001,5.404,0.083,-1.984,4.022,2.275,4.492,-2.0,1.203,-0.076,-3.0,2.066,7.211,-1.0,0.0,1.875,-3.0,2.973,4.044,0.16,2.046,-2.0,4.09,-3.0,0.194,0.0,0.0,0.0,0.0,0.0,0.0,0.0,0.0,0.0,0.0
GoldGeo17,XAUUSDc,1,37.174,37.174,6,1.8655,8.05,377,36.0743,0,5,0,0.01,1.4,2.0,0.0,0.3,15,1,34.182,0,0,0,0,0.0,0.0,0.0,0.0,0.0,0.0,1.972,1.007,1.923,0.049,3.047,-4.0,4.192,0.99,0.0,-1.999,-4.0,0.881,-2.0,2.846,-3.0,-1.541,1.91,2.845,-4.0,0.007,-1.0,1.764,-0.163,-1.021,0.056,0.965,-1.912,-0.014,2.954,1.067,-0.015,2.129,1.059,1.837,0.97,-3.0,3.045,1.024,-1.0,-2.999,-3.0,-5.0,1.895,1.912,-1.952,4.212,-0.004,-3.001,1.957,-1.0,-0.016,-4.0,-5.0,1.031,2.105,6.226,-0.005,-0.362,0.074,-2.0,-1.996,1.944,3.117,0.991,0.928,1.011,4.037,-2.0,3.985,-2.0,0.0,-2.0,-1.002,-2.005,0.029,-0.61,0.016,2.289,-1.009,0.068,5.186,0.12,4.076,-0.825,4.227,-1.029,0.013,1.009,-0.911,-1.0,-2.05,5.345,0.124,-1.982,4.093,2.363,4.61,-2.0,1.199,-0.076,-3.0,2.02,7.341,-1.0,-1.0,-2.03,-3.0,3.016,4.086,0.067,2.065,-2.0,4.045,-3.0,0.332,0.0,0.0,0.0,0.0,0.0,0.0,0.0,0.0,0.0,0.0
GoldGeo17,XAUUSDc,4,36.7317,44.078,5,2.6836,13.48,388,35.3093,0,3,0,0.01,1.6,2.0,0.0,0.3,15,1,38.137,1,0,0,0,0.0,0.0,0.0,0.0,0.0,0.0,1.972,1.035,1.962,0.082,3.129,-4.0,5.352,0.99,0.0,-3.0,-4.0,1.129,-2.0,2.985,-3.0,0.557,2.036,2.929,-4.0,0.192,-0.015,1.856,-0.145,-0.977,0.104,0.96,-1.802,-0.014,3.809,2.039,-0.979,2.216,1.087,1.859,0.971,-3.0,3.119,1.025,-1.0,-3.0,-3.0,-5.0,1.912,2.003,-1.846,4.446,-0.004,-3.002,1.988,-1.0,2.933,-4.0,-5.0,1.088,2.066,6.119,0.05,-0.403,0.11,-2.0,-1.974,2.0,3.221,0.991,1.031,1.035,1.0,-2.0,4.001,-2.0,0.0,-4.0,-1.002,-1.992,0.069,0.842,0.016,2.589,-1.009,0.11,6.108,0.12,4.092,-1.004,4.47,-0.029,-0.98,1.223,-0.892,-0.985,-1.918,5.304,0.68,-1.948,4.053,2.617,4.885,-2.0,1.23,0.02,-2.999,2.018,7.469,-1.0,-2.0,-2.03,-3.999,3.066,4.24,0.011,2.066,-2.0,4.049,-3.0,0.29,0.0,0.0,0.0,0.0,0.0,0.0,0.0,0.0,0.0,0.0
GoldGeo17,XAUUSDc,0,32.6733,39.208,5,1.9833,7.66,382,35.8639,0,3,0,0.01,1.4,2.0,0.0,0.3,15,1,36.204,0,0,0,0,0.0,0.0,0.0,0.0,0.0,0.0,1.972,1.007,1.962,0.082,3.097,-4.0,4.568,0.99,0.0,-2.0,-4.0,0.998,0.0,0.864,-3.0,-1.233,1.975,2.888,-3.999,0.104,-0.015,1.817,-0.163,-0.991,0.067,0.951,-1.871,-0.014,3.27,1.38,-0.002,2.116,1.066,1.846,0.97,-3.0,3.06,1.025,-1.0,-3.0,-3.0,-5.0,1.909,1.947,-1.917,4.243,-0.004,-3.002,1.974,-1.0,-0.004,-4.0,-5.0,1.088,2.066,6.119,0.039,-0.695,0.11,-2.0,-1.984,1.973,3.191,0.991,0.984,1.031,4.122,-2.0,4.001,-2.0,0.0,-3.0,-1.002,-1.992,0.054,-0.341,0.016,2.338,-1.009,0.101,5.533,0.12,4.092,-1.004,4.347,-0.029,-0.98,1.132,-0.892,-0.985,-1.918,5.304,0.371,-1.948,4.053,2.59,4.858,-2.0,1.23,0.02,-2.999,2.018,7.469,-1.0,-2.0,-2.03,-4.0,3.066,4.24,0.011,2.066,-2.0,4.049,-3.0,0.29,0.0,0.0,0.0,0.0,0.0,0.0,0.0,0.0,0.0,0.0
